date,NDA,UPA,Others
2017-08-01,83,63,99
2017-08-02,83,63,99
2017-08-03,83,63,99
2017-08-04,83,63,99
2017-08-05,83,63,99
2017-08-06,83,63,99
2017-08-07,83,63,99
2017-08-08,83,63,99
2017-08-09,83,63,99
2017-08-10,83,63,99
2017-08-11,83,63,99
2017-08-12,83,63,99
2017-08-13,83,63,99
2017-08-14,83,63,99
2017-08-15,83,63,99
2017-08-16,83,63,99
2017-08-17,83,63,99
2017-08-18,83,63,99
2017-08-19,82,61,102
2017-08-20,82,61,102
2017-08-21,82,61,102
2017-08-22,82,61,102
2017-08-23,82,61,102
2017-08-24,82,61,102
2017-08-25,82,61,102
2017-08-26,82,61,102
2017-08-27,82,61,102
2017-08-28,82,61,102
2017-08-29,82,61,102
2017-08-30,82,61,102
2017-08-31,82,61,102
2017-09-01,82,61,102
2017-09-02,82,61,102
2017-09-03,82,61,102
2017-09-04,82,61,102
2017-09-05,82,61,102
2017-09-06,82,61,102
2017-09-07,82,61,102
2017-09-08,82,61,102
2017-09-09,82,61,102
2017-09-10,82,61,102
2017-09-11,82,61,102
2017-09-12,82,61,102
2017-09-13,82,61,102
2017-09-14,82,61,102
2017-09-15,82,61,102
2017-09-16,82,61,102
2017-09-17,82,61,102
2017-09-18,82,61,102
2017-09-19,82,61,102
2017-09-20,82,61,102
2017-09-21,82,61,102
2017-09-22,82,61,102
2017-09-23,82,61,102
2017-09-24,82,61,102
2017-09-25,82,61,102
2017-09-26,82,61,102
2017-09-27,82,61,102
2017-09-28,82,61,102
2017-09-29,82,61,102
2017-09-30,82,61,102
2017-10-01,82,61,102
2017-10-02,82,61,102
2017-10-03,82,61,102
2017-10-04,82,61,102
2017-10-05,82,61,102
2017-10-06,82,61,102
2017-10-07,82,61,102
2017-10-08,82,61,102
2017-10-09,82,61,102
2017-10-10,82,61,102
2017-10-11,82,61,102
2017-10-12,82,61,102
2017-10-13,82,61,102
2017-10-14,82,61,102
2017-10-15,82,61,102
2017-10-16,82,61,102
2017-10-17,82,61,102
2017-10-18,82,61,102
2017-10-19,82,61,102
2017-10-20,82,61,102
2017-10-21,82,61,102
2017-10-22,82,61,102
2017-10-23,82,61,102
2017-10-24,82,61,102
2017-10-25,82,61,102
2017-10-26,82,61,102
2017-10-27,82,61,102
2017-10-28,82,61,102
2017-10-29,82,61,102
2017-10-30,82,61,102
2017-10-31,82,61,102
2017-11-01,82,61,102
2017-11-02,82,61,102
2017-11-03,82,61,102
2017-11-04,82,61,102
2017-11-05,82,61,102
2017-11-06,82,61,102
2017-11-07,82,61,102
2017-11-08,82,61,102
2017-11-09,82,61,102
2017-11-10,82,61,102
2017-11-11,82,61,102
2017-11-12,82,61,102
2017-11-13,82,61,102
2017-11-14,82,61,102
2017-11-15,82,61,102
2017-11-16,82,61,102
2017-11-17,82,61,102
2017-11-18,82,61,102
2017-11-19,82,61,102
2017-11-20,82,61,102
2017-11-21,82,61,102
2017-11-22,82,61,102
2017-11-23,82,61,102
2017-11-24,82,61,102
2017-11-25,82,61,102
2017-11-26,82,61,102
2017-11-27,82,61,102
2017-11-28,82,61,102
2017-11-29,82,61,102
2017-11-30,82,61,102
2017-12-01,82,61,102
2017-12-02,82,61,102
2017-12-03,82,61,102
2017-12-04,82,61,102
2017-12-05,82,61,102
2017-12-06,82,61,102
2017-12-07,82,61,102
2017-12-08,82,61,102
2017-12-09,82,61,102
2017-12-10,82,61,102
2017-12-11,82,61,102
2017-12-12,82,61,102
2017-12-13,82,61,102
2017-12-14,82,61,102
2017-12-15,82,61,102
2017-12-16,82,61,102
2017-12-17,82,61,102
2017-12-18,82,61,102
2017-12-19,82,61,102
2017-12-20,82,61,102
2017-12-21,82,61,102
2017-12-22,82,61,102
2017-12-23,82,61,102
2017-12-24,82,61,102
2017-12-25,82,61,102
2017-12-26,82,61,102
2017-12-27,82,61,102
2017-12-28,82,61,102
2017-12-29,82,61,102
2017-12-30,82,61,102
2017-12-31,82,61,102
2018-01-01,82,61,102
2018-01-02,82,61,102
2018-01-03,82,61,102
2018-01-04,82,61,102
2018-01-05,82,61,102
2018-01-06,82,61,102
2018-01-07,82,61,102
2018-01-08,82,61,102
2018-01-09,82,61,102
2018-01-10,82,61,102
2018-01-11,82,61,102
2018-01-12,82,61,102
2018-01-13,82,61,102
2018-01-14,82,61,102
2018-01-15,82,61,102
2018-01-16,82,61,102
2018-01-17,82,61,102
2018-01-18,82,61,102
2018-01-19,82,61,102
2018-01-20,82,61,102
2018-01-21,82,61,102
2018-01-22,82,61,102
2018-01-23,82,61,102
2018-01-24,82,61,102
2018-01-25,82,61,102
2018-01-26,82,61,102
2018-01-27,82,61,102
2018-01-28,82,58,105
2018-01-29,82,58,105
2018-01-30,82,58,105
2018-01-31,82,58,105
2018-02-01,82,58,105
2018-02-02,82,58,105
2018-02-03,82,58,105
2018-02-04,82,58,105
2018-02-05,82,58,105
2018-02-06,82,58,105
2018-02-07,82,58,105
2018-02-08,82,58,105
2018-02-09,82,58,105
2018-02-10,82,58,105
2018-02-11,82,58,105
2018-02-12,82,58,105
2018-02-13,82,58,105
2018-02-14,82,58,105
2018-02-15,82,58,105
2018-02-16,82,58,105
2018-02-17,82,58,105
2018-02-18,82,58,105
2018-02-19,82,58,105
2018-02-20,82,58,105
2018-02-21,82,58,105
2018-02-22,82,58,105
2018-02-23,82,58,105
2018-02-24,82,58,105
2018-02-25,82,58,105
2018-02-26,82,58,105
2018-02-27,82,58,105
2018-02-28,82,58,105
2018-03-01,82,58,105
2018-03-02,82,58,105
2018-03-03,82,58,105
2018-03-04,82,58,105
2018-03-05,82,58,105
2018-03-06,82,58,105
2018-03-07,82,58,105
2018-03-08,82,58,105
2018-03-09,82,58,105
2018-03-10,82,58,105
2018-03-11,82,58,105
2018-03-12,82,58,105
2018-03-13,82,58,105
2018-03-14,82,58,105
2018-03-15,82,58,105
2018-03-16,82,58,105
2018-03-17,82,58,105
2018-03-18,82,58,105
2018-03-19,82,58,105
2018-03-20,82,58,105
2018-03-21,82,58,105
2018-03-22,82,58,105
2018-03-23,82,58,105
2018-03-24,82,58,105
2018-03-25,82,58,105
2018-03-26,82,58,105
2018-03-27,82,58,105
2018-03-28,82,58,105
2018-03-29,82,58,105
2018-03-30,82,58,105
2018-03-31,82,58,105
2018-04-01,82,58,105
2018-04-02,82,58,105
2018-04-03,62,49,134
2018-04-04,64,47,134
2018-04-05,64,47,134
2018-04-06,64,47,134
2018-04-07,64,47,134
2018-04-08,64,47,134
2018-04-09,64,47,134
2018-04-10,64,47,134
2018-04-11,64,47,134
2018-04-12,64,47,134
2018-04-13,64,47,134
2018-04-14,64,47,134
2018-04-15,64,47,134
2018-04-16,64,47,134
2018-04-17,64,47,134
2018-04-18,64,47,134
2018-04-19,64,47,134
2018-04-20,64,47,134
2018-04-21,64,47,134
2018-04-22,64,47,134
2018-04-23,64,47,134
2018-04-24,64,47,134
2018-04-25,64,47,134
2018-04-26,64,47,134
2018-04-27,64,47,134
2018-04-28,64,47,134
2018-04-29,64,47,134
2018-04-30,64,47,134
2018-05-01,64,47,134
2018-05-02,64,47,134
2018-05-03,64,47,134
2018-05-04,64,46,135
2018-05-05,64,46,135
2018-05-06,64,46,135
2018-05-07,64,46,135
2018-05-08,64,46,135
2018-05-09,64,46,135
2018-05-10,64,46,135
2018-05-11,64,46,135
2018-05-12,64,46,135
2018-05-13,64,46,135
2018-05-14,64,46,135
2018-05-15,64,46,135
2018-05-16,64,46,135
2018-05-17,64,46,135
2018-05-18,64,46,135
2018-05-19,64,46,135
2018-05-20,64,46,135
2018-05-21,64,46,135
2018-05-22,64,46,135
2018-05-23,64,46,135
2018-05-24,64,46,135
2018-05-25,64,46,135
2018-05-26,64,46,135
2018-05-27,64,46,135
2018-05-28,64,46,135
2018-05-29,64,46,135
2018-05-30,64,46,135
2018-05-31,64,46,135
2018-06-01,64,46,135
2018-06-02,64,46,135
2018-06-03,64,46,135
2018-06-04,64,46,135
2018-06-05,64,46,135
2018-06-06,64,46,135
2018-06-07,64,46,135
2018-06-08,64,46,135
2018-06-09,64,46,135
2018-06-10,64,46,135
2018-06-11,64,46,135
2018-06-12,64,46,135
2018-06-13,64,46,135
2018-06-14,64,46,135
2018-06-15,64,46,135
2018-06-16,64,46,135
2018-06-17,64,46,135
2018-06-18,64,46,135
2018-06-19,64,46,135
2018-06-20,64,46,135
2018-06-21,64,46,135
2018-06-22,64,46,135
2018-06-23,64,46,135
2018-06-24,64,46,135
2018-06-25,64,46,135
2018-06-26,64,46,135
2018-06-27,64,46,135
2018-06-28,64,46,135
2018-06-29,64,46,135
2018-06-30,64,46,135
2018-07-01,64,46,135
2018-07-02,64,44,137
2018-07-03,64,44,137
2018-07-04,64,44,137
2018-07-05,64,44,137
2018-07-06,64,44,137
2018-07-07,64,44,137
2018-07-08,64,44,137
2018-07-09,64,44,137
2018-07-10,64,44,137
2018-07-11,64,44,137
2018-07-12,64,44,137
2018-07-13,64,44,137
2018-07-14,64,44,137
2018-07-15,64,44,137
2018-07-16,64,44,137
2018-07-17,64,44,137
2018-07-18,64,44,137
2018-07-19,64,44,137
2018-07-20,64,44,137
2018-07-21,64,44,137
2018-07-22,64,44,137
2018-07-23,64,44,137
2018-07-24,64,44,137
2018-07-25,64,44,137
2018-07-26,64,44,137
2018-07-27,64,44,137
2018-07-28,64,44,137
2018-07-29,64,44,137
2018-07-30,64,44,137
2018-07-31,64,44,137
2018-08-01,64,44,137
2018-08-02,64,44,137
2018-08-03,64,44,137
2018-08-04,64,44,137
2018-08-05,64,44,137
2018-08-06,64,44,137
2018-08-07,64,44,137
2018-08-08,64,44,137
2018-08-09,64,44,137
2018-08-10,64,44,137
2018-08-11,64,44,137
2018-08-12,64,44,137
2018-08-13,64,44,137
2018-08-14,64,44,137
2018-08-15,64,44,137
2018-08-16,64,44,137
2018-08-17,64,44,137
2018-08-18,64,44,137
2018-08-19,64,44,137
2018-08-20,64,44,137
2018-08-21,64,44,137
2018-08-22,64,44,137
2018-08-23,64,44,137
2018-08-24,64,44,137
2018-08-25,64,44,137
2018-08-26,64,44,137
2018-08-27,64,44,137
2018-08-28,64,44,137
2018-08-29,64,44,137
2018-08-30,64,44,137
2018-08-31,64,44,137
2018-09-01,64,44,137
2018-09-02,64,44,137
2018-09-03,64,44,137
2018-09-04,64,44,137
2018-09-05,64,44,137
2018-09-06,64,44,137
2018-09-07,64,44,137
2018-09-08,64,44,137
2018-09-09,64,44,137
2018-09-10,64,44,137
2018-09-11,64,44,137
2018-09-12,64,44,137
2018-09-13,64,44,137
2018-09-14,64,44,137
2018-09-15,64,44,137
2018-09-16,64,44,137
2018-09-17,64,44,137
2018-09-18,64,44,137
2018-09-19,64,44,137
2018-09-20,64,44,137
2018-09-21,64,44,137
2018-09-22,64,44,137
2018-09-23,64,44,137
2018-09-24,64,44,137
2018-09-25,64,44,137
2018-09-26,64,44,137
2018-09-27,64,44,137
2018-09-28,64,44,137
2018-09-29,64,44,137
2018-09-30,64,44,137
2018-10-01,64,44,137
2018-10-02,64,44,137
2018-10-03,64,44,137
2018-10-04,64,44,137
2018-10-05,64,44,137
2018-10-06,64,44,137
2018-10-07,64,44,137
2018-10-08,64,44,137
2018-10-09,64,44,137
2018-10-10,64,44,137
2018-10-11,64,44,137
2018-10-12,64,44,137
2018-10-13,64,44,137
2018-10-14,64,44,137
2018-10-15,64,44,137
2018-10-16,64,44,137
2018-10-17,64,44,137
2018-10-18,64,44,137
2018-10-19,64,44,137
2018-10-20,64,44,137
2018-10-21,64,44,137
2018-10-22,64,44,137
2018-10-23,64,44,137
2018-10-24,64,44,137
2018-10-25,64,44,137
2018-10-26,64,44,137
2018-10-27,64,44,137
2018-10-28,64,44,137
2018-10-29,64,44,137
2018-10-30,64,44,137
2018-10-31,64,44,137
2018-11-01,64,44,137
2018-11-02,64,44,137
2018-11-03,64,44,137
2018-11-04,64,44,137
2018-11-05,64,44,137
2018-11-06,64,44,137
2018-11-07,64,44,137
2018-11-08,64,44,137
2018-11-09,64,44,137
2018-11-10,64,44,137
2018-11-11,64,44,137
2018-11-12,64,44,137
2018-11-13,64,44,137
2018-11-14,64,44,137
2018-11-15,64,44,137
2018-11-16,64,44,137
2018-11-17,64,44,137
2018-11-18,64,44,137
2018-11-19,64,44,137
2018-11-20,64,44,137
2018-11-21,64,44,137
2018-11-22,64,44,137
2018-11-23,64,44,137
2018-11-24,64,44,137
2018-11-25,64,44,137
2018-11-26,64,44,137
2018-11-27,64,44,137
2018-11-28,64,44,137
2018-11-29,64,44,137
2018-11-30,64,44,137
2018-12-01,64,44,137
2018-12-02,64,44,137
2018-12-03,64,44,137
2018-12-04,64,44,137
2018-12-05,64,44,137
2018-12-06,64,44,137
2018-12-07,64,44,137
2018-12-08,64,44,137
2018-12-09,64,44,137
2018-12-10,64,44,137
2018-12-11,64,44,137
2018-12-12,64,44,137
2018-12-13,64,44,137
2018-12-14,64,44,137
2018-12-15,64,44,137
2018-12-16,64,44,137
2018-12-17,64,44,137
2018-12-18,64,44,137
2018-12-19,64,44,137
2018-12-20,64,44,137
2018-12-21,64,44,137
2018-12-22,64,44,137
2018-12-23,64,44,137
2018-12-24,64,44,137
2018-12-25,64,44,137
2018-12-26,64,44,137
2018-12-27,64,44,137
2018-12-28,64,44,137
2018-12-29,64,44,137
2018-12-30,64,44,137
2018-12-31,64,44,137
2019-01-01,64,44,137
2019-01-02,64,44,137
2019-01-03,64,44,137
2019-01-04,64,44,137
2019-01-05,64,44,137
2019-01-06,64,44,137
2019-01-07,64,44,137
2019-01-08,64,44,137
2019-01-09,64,44,137
2019-01-10,64,44,137
2019-01-11,64,44,137
2019-01-12,64,44,137
2019-01-13,64,44,137
2019-01-14,64,44,137
2019-01-15,64,44,137
2019-01-16,64,44,137
2019-01-17,64,44,137
2019-01-18,64,44,137
2019-01-19,64,44,137
2019-01-20,64,44,137
2019-01-21,63,44,138
2019-01-22,63,44,138
2019-01-23,63,44,138
2019-01-24,63,44,138
2019-01-25,63,44,138
2019-01-26,63,44,138
2019-01-27,63,44,138
2019-01-28,63,44,138
2019-01-29,63,44,138
2019-01-30,63,44,138
2019-01-31,63,44,138
2019-02-01,63,44,138
2019-02-02,63,44,138
2019-02-03,63,44,138
2019-02-04,63,44,138
2019-02-05,63,44,138
2019-02-06,63,44,138
2019-02-07,63,44,138
2019-02-08,63,44,138
2019-02-09,63,44,138
2019-02-10,63,44,138
2019-02-11,63,44,138
2019-02-12,63,44,138
2019-02-13,63,44,138
2019-02-14,63,44,138
2019-02-15,63,44,138
2019-02-16,63,44,138
2019-02-17,63,44,138
2019-02-18,63,44,138
2019-02-19,63,44,138
2019-02-20,63,44,138
2019-02-21,63,44,138
2019-02-22,63,44,138
2019-02-23,63,44,138
2019-02-24,63,44,138
2019-02-25,63,44,138
2019-02-26,63,44,138
2019-02-27,63,44,138
2019-02-28,63,44,138
2019-03-01,63,44,138
2019-03-02,63,44,138
2019-03-03,63,44,138
2019-03-04,63,44,138
2019-03-05,63,44,138
2019-03-06,63,44,138
2019-03-07,63,44,138
2019-03-08,63,44,138
2019-03-09,63,44,138
2019-03-10,63,44,138
2019-03-11,63,44,138
2019-03-12,63,44,138
2019-03-13,63,44,138
2019-03-14,63,44,138
2019-03-15,63,44,138
2019-03-16,63,44,138
2019-03-17,63,44,138
2019-03-18,63,44,138
2019-03-19,63,44,138
2019-03-20,63,44,138
2019-03-21,63,44,138
2019-03-22,63,44,138
2019-03-23,63,44,138
2019-03-24,63,44,138
2019-03-25,63,44,138
2019-03-26,63,44,138
2019-03-27,63,44,138
2019-03-28,63,44,138
2019-03-29,63,44,138
2019-03-30,63,44,138
2019-03-31,63,44,138
2019-04-01,63,44,138
2019-04-02,63,44,138
2019-04-03,63,44,138
2019-04-04,63,44,138
2019-04-05,63,44,138
2019-04-06,63,44,138
2019-04-07,63,44,138
2019-04-08,63,44,138
2019-04-09,63,44,138
2019-04-10,63,44,138
2019-04-11,63,44,138
2019-04-12,63,44,138
2019-04-13,63,44,138
2019-04-14,63,44,138
2019-04-15,63,44,138
2019-04-16,63,44,138
2019-04-17,63,44,138
2019-04-18,63,44,138
2019-04-19,63,44,138
2019-04-20,63,44,138
2019-04-21,63,44,138
2019-04-22,63,44,138
2019-04-23,63,44,138
2019-04-24,63,44,138
2019-04-25,63,44,138
2019-04-26,63,44,138
2019-04-27,63,44,138
2019-04-28,63,44,138
2019-04-29,63,44,138
2019-04-30,63,44,138
2019-05-01,63,44,138
2019-05-02,63,44,138
2019-05-03,63,44,138
2019-05-04,63,44,138
2019-05-05,63,44,138
2019-05-06,63,44,138
2019-05-07,63,44,138
2019-05-08,63,44,138
2019-05-09,63,44,138
2019-05-10,63,44,138
2019-05-11,63,44,138
2019-05-12,63,44,138
2019-05-13,63,44,138
2019-05-14,63,44,138
2019-05-15,63,44,138
2019-05-16,63,44,138
2019-05-17,63,44,138
2019-05-18,63,44,138
2019-05-19,63,44,138
2019-05-20,63,44,138
2019-05-21,63,44,138
2019-05-22,63,44,138
2019-05-23,63,44,138
2019-05-24,63,44,138
2019-05-25,63,44,138
2019-05-26,63,44,138
2019-05-27,63,44,138
2019-05-28,63,44,138
2019-05-29,63,44,138
2019-05-30,63,44,138
2019-05-31,63,44,138
2019-06-01,63,44,138
2019-06-02,63,44,138
2019-06-03,63,44,138
2019-06-04,63,44,138
2019-06-05,63,44,138
2019-06-06,63,44,138
2019-06-07,63,44,138
2019-06-08,63,44,138
2019-06-09,63,44,138
2019-06-10,63,44,138
2019-06-11,63,44,138
2019-06-12,63,44,138
2019-06-13,63,44,138
2019-06-14,63,44,138
2019-06-15,65,42,138
2019-06-16,65,42,138
2019-06-17,65,42,138
2019-06-18,65,42,138
2019-06-19,65,42,138
2019-06-20,65,42,138
2019-06-21,65,42,138
2019-06-22,65,42,138
2019-06-23,65,42,138
2019-06-24,65,42,138
2019-06-25,65,42,138
2019-06-26,65,42,138
2019-06-27,65,42,138
2019-06-28,65,42,138
2019-06-29,65,42,138
2019-06-30,65,42,138
2019-07-01,65,42,138
2019-07-02,65,42,138
2019-07-03,65,42,138
2019-07-04,65,42,138
2019-07-05,65,42,138
2019-07-06,65,42,138
2019-07-07,65,42,138
2019-07-08,65,42,138
2019-07-09,65,42,138
2019-07-10,65,42,138
2019-07-11,65,42,138
2019-07-12,65,42,138
2019-07-13,65,42,138
2019-07-14,65,42,138
2019-07-15,65,42,138
2019-07-16,65,42,138
2019-07-17,65,42,138
2019-07-18,65,42,138
2019-07-19,65,42,138
2019-07-20,65,42,138
2019-07-21,65,42,138
2019-07-22,65,42,138
2019-07-23,65,42,138
2019-07-24,65,42,138
2019-07-25,65,41,139
2019-07-26,65,41,139
2019-07-27,65,41,139
2019-07-28,65,41,139
2019-07-29,65,41,139
2019-07-30,65,41,139
2019-07-31,65,41,139
2019-08-01,65,41,139
2019-08-02,65,41,139
2019-08-03,65,41,139
2019-08-04,65,41,139
2019-08-05,65,41,139
2019-08-06,65,41,139
2019-08-07,65,41,139
2019-08-08,65,41,139
2019-08-09,65,41,139
2019-08-10,65,41,139
2019-08-11,65,41,139
2019-08-12,65,41,139
2019-08-13,65,41,139
2019-08-14,65,41,139
2019-08-15,65,41,139
2019-08-16,65,41,139
2019-08-17,65,41,139
2019-08-18,65,41,139
2019-08-19,65,41,139
2019-08-20,65,41,139
2019-08-21,65,41,139
2019-08-22,65,41,139
2019-08-23,65,41,139
2019-08-24,65,41,139
2019-08-25,65,41,139
2019-08-26,65,41,139
2019-08-27,65,41,139
2019-08-28,65,41,139
2019-08-29,65,41,139
2019-08-30,65,41,139
2019-08-31,65,41,139
2019-09-01,65,41,139
2019-09-02,65,41,139
2019-09-03,65,41,139
2019-09-04,65,41,139
2019-09-05,65,41,139
2019-09-06,65,41,139
2019-09-07,65,41,139
2019-09-08,65,41,139
2019-09-09,65,41,139
2019-09-10,65,41,139
2019-09-11,65,41,139
2019-09-12,65,41,139
2019-09-13,65,41,139
2019-09-14,65,41,139
2019-09-15,65,41,139
2019-09-16,65,41,139
2019-09-17,65,41,139
2019-09-18,65,41,139
2019-09-19,65,41,139
2019-09-20,65,41,139
2019-09-21,65,41,139
2019-09-22,65,41,139
2019-09-23,65,41,139
2019-09-24,65,41,139
2019-09-25,65,41,139
2019-09-26,65,41,139
2019-09-27,65,41,139
2019-09-28,65,41,139
2019-09-29,65,41,139
2019-09-30,65,41,139
2019-10-01,65,41,139
2019-10-02,65,41,139
2019-10-03,65,41,139
2019-10-04,65,41,139
2019-10-05,65,41,139
2019-10-06,65,41,139
2019-10-07,65,41,139
2019-10-08,65,41,139
2019-10-09,65,41,139
2019-10-10,65,41,139
2019-10-11,65,41,139
2019-10-12,65,41,139
2019-10-13,65,41,139
2019-10-14,65,41,139
2019-10-15,65,41,139
2019-10-16,65,41,139
2019-10-17,65,41,139
2019-10-18,65,41,139
2019-10-19,65,41,139
2019-10-20,65,41,139
2019-10-21,65,41,139
2019-10-22,65,41,139
2019-10-23,65,41,139
2019-10-24,65,41,139
2019-10-25,65,41,139
2019-10-26,65,41,139
2019-10-27,65,41,139
2019-10-28,65,41,139
2019-10-29,65,41,139
2019-10-30,65,41,139
2019-10-31,65,41,139
2019-11-01,65,41,139
2019-11-02,65,41,139
2019-11-03,65,41,139
2019-11-04,65,41,139
2019-11-05,65,41,139
2019-11-06,65,41,139
2019-11-07,65,41,139
2019-11-08,65,41,139
2019-11-09,65,41,139
2019-11-10,65,41,139
2019-11-11,65,41,139
2019-11-12,65,41,139
2019-11-13,65,41,139
2019-11-14,65,41,139
2019-11-15,65,41,139
2019-11-16,65,41,139
2019-11-17,65,41,139
2019-11-18,65,41,139
2019-11-19,65,41,139
2019-11-20,65,41,139
2019-11-21,65,41,139
2019-11-22,65,41,139
2019-11-23,65,41,139
2019-11-24,65,41,139
2019-11-25,65,41,139
2019-11-26,65,41,139
2019-11-27,65,41,139
2019-11-28,65,41,139
2019-11-29,65,41,139
2019-11-30,65,41,139
2019-12-01,65,41,139
2019-12-02,65,41,139
2019-12-03,65,41,139
2019-12-04,65,41,139
2019-12-05,65,41,139
2019-12-06,65,41,139
2019-12-07,65,41,139
2019-12-08,65,41,139
2019-12-09,65,41,139
2019-12-10,65,41,139
2019-12-11,65,41,139
2019-12-12,65,41,139
2019-12-13,65,41,139
2019-12-14,65,41,139
2019-12-15,65,41,139
2019-12-16,65,41,139
2019-12-17,65,41,139
2019-12-18,65,41,139
2019-12-19,65,41,139
2019-12-20,65,41,139
2019-12-21,65,41,139
2019-12-22,65,41,139
2019-12-23,65,41,139
2019-12-24,65,41,139
2019-12-25,65,41,139
2019-12-26,65,41,139
2019-12-27,65,41,139
2019-12-28,65,41,139
2019-12-29,65,41,139
2019-12-30,65,41,139
2019-12-31,65,41,139
2020-01-01,65,41,139
2020-01-02,65,41,139
2020-01-03,65,41,139
2020-01-04,65,41,139
2020-01-05,65,41,139
2020-01-06,65,41,139
2020-01-07,65,41,139
2020-01-08,65,41,139
2020-01-09,65,41,139
2020-01-10,65,41,139
2020-01-11,65,41,139
2020-01-12,65,41,139
2020-01-13,65,41,139
2020-01-14,65,41,139
2020-01-15,65,41,139
2020-01-16,65,41,139
2020-01-17,65,41,139
2020-01-18,65,41,139
2020-01-19,65,41,139
2020-01-20,65,41,139
2020-01-21,65,41,139
2020-01-22,65,41,139
2020-01-23,65,41,139
2020-01-24,65,41,139
2020-01-25,65,41,139
2020-01-26,65,41,139
2020-01-27,65,41,139
2020-01-28,65,41,139
2020-01-29,65,41,139
2020-01-30,65,41,139
2020-01-31,65,41,139
2020-02-01,65,41,139
2020-02-02,65,41,139
2020-02-03,65,41,139
2020-02-04,65,41,139
2020-02-05,65,41,139
2020-02-06,65,41,139
2020-02-07,65,41,139
2020-02-08,65,41,139
2020-02-09,65,41,139
2020-02-10,65,41,139
2020-02-11,65,41,139
2020-02-12,65,41,139
2020-02-13,65,41,139
2020-02-14,65,41,139
2020-02-15,65,41,139
2020-02-16,65,41,139
2020-02-17,65,41,139
2020-02-18,65,41,139
2020-02-19,65,41,139
2020-02-20,65,41,139
2020-02-21,65,41,139
2020-02-22,65,41,139
2020-02-23,65,41,139
2020-02-24,65,41,139
2020-02-25,65,41,139
2020-02-26,65,41,139
2020-02-27,65,41,139
2020-02-28,65,41,139
2020-02-29,65,41,139
2020-03-01,65,41,139
2020-03-02,65,41,139
2020-03-03,65,41,139
2020-03-04,65,41,139
2020-03-05,65,41,139
2020-03-06,65,41,139
2020-03-07,65,41,139
2020-03-08,65,41,139
2020-03-09,65,41,139
2020-03-10,65,41,139
2020-03-11,65,41,139
2020-03-12,65,41,139
2020-03-13,65,41,139
2020-03-14,65,41,139
2020-03-15,65,41,139
2020-03-16,65,41,139
2020-03-17,65,41,139
2020-03-18,65,41,139
2020-03-19,65,41,139
2020-03-20,65,41,139
2020-03-21,65,41,139
2020-03-22,65,41,139
2020-03-23,65,41,139
2020-03-24,65,41,139
2020-03-25,65,41,139
2020-03-26,65,41,139
2020-03-27,65,41,139
2020-03-28,65,41,139
2020-03-29,65,41,139
2020-03-30,65,41,139
2020-03-31,65,41,139
2020-04-01,65,41,139
2020-04-02,65,41,139
2020-04-03,63,38,144
2020-04-04,63,38,144
2020-04-05,63,38,144
2020-04-06,63,38,144
2020-04-07,63,38,144
2020-04-08,63,38,144
2020-04-09,63,38,144
2020-04-10,49,29,167
2020-04-11,49,29,167
2020-04-12,49,29,167
2020-04-13,49,28,168
2020-04-14,49,28,168
2020-04-15,49,28,168
2020-04-16,49,28,168
2020-04-17,49,28,168
2020-04-18,49,28,168
2020-04-19,49,28,168
2020-04-20,49,28,168
2020-04-21,49,28,168
2020-04-22,49,28,168
2020-04-23,49,28,168
2020-04-24,49,28,168
2020-04-25,49,28,168
2020-04-26,49,28,168
2020-04-27,49,28,168
2020-04-28,49,28,168
2020-04-29,49,28,168
2020-04-30,49,28,168
2020-05-01,49,28,168
2020-05-02,49,28,168
2020-05-03,49,28,168
2020-05-04,49,28,168
2020-05-05,49,28,168
2020-05-06,49,28,168
2020-05-07,49,28,168
2020-05-08,49,28,168
2020-05-09,49,28,168
2020-05-10,49,28,168
2020-05-11,49,28,168
2020-05-12,49,28,168
2020-05-13,49,28,168
2020-05-14,49,28,168
2020-05-15,49,28,168
2020-05-16,49,28,168
2020-05-17,49,28,168
2020-05-18,49,28,168
2020-05-19,49,28,168
2020-05-20,49,28,168
2020-05-21,49,28,168
2020-05-22,49,28,168
2020-05-23,49,28,168
2020-05-24,49,28,168
2020-05-25,49,28,168
2020-05-26,49,28,168
2020-05-27,49,28,168
2020-05-28,49,28,168
2020-05-29,49,28,168
2020-05-30,49,28,168
2020-05-31,49,28,168
2020-06-01,49,28,168
2020-06-02,49,28,168
2020-06-03,49,28,168
2020-06-04,49,28,168
2020-06-05,49,28,168
2020-06-06,49,28,168
2020-06-07,49,28,168
2020-06-08,49,28,168
2020-06-09,49,28,168
2020-06-10,49,28,168
2020-06-11,49,28,168
2020-06-12,49,28,168
2020-06-13,49,28,168
2020-06-14,49,28,168
2020-06-15,49,28,168
2020-06-16,49,28,168
2020-06-17,49,28,168
2020-06-18,49,28,168
2020-06-19,49,28,168
2020-06-20,49,28,168
2020-06-21,49,28,168
2020-06-22,49,28,168
2020-06-23,49,28,168
2020-06-24,50,27,168
2020-06-25,50,27,168
2020-06-26,49,25,171
2020-06-27,49,25,171
2020-06-28,49,25,171
2020-06-29,49,25,171
2020-06-30,49,25,171
2020-07-01,49,25,171
2020-07-02,49,25,171
2020-07-03,49,25,171
2020-07-04,49,25,171
2020-07-05,49,25,171
2020-07-06,49,25,171
2020-07-07,49,25,171
2020-07-08,49,25,171
2020-07-09,49,25,171
2020-07-10,49,25,171
2020-07-11,49,25,171
2020-07-12,49,25,171
2020-07-13,49,25,171
2020-07-14,49,25,171
2020-07-15,49,25,171
2020-07-16,49,25,171
2020-07-17,49,25,171
2020-07-18,49,25,171
2020-07-19,49,25,171
2020-07-20,49,25,171
2020-07-21,49,25,171
2020-07-22,49,25,171
2020-07-23,49,25,171
2020-07-24,49,25,171
2020-07-25,49,25,171
2020-07-26,49,25,171
2020-07-27,49,25,171
2020-07-28,49,25,171
2020-07-29,49,25,171
2020-07-30,49,25,171
2020-07-31,49,25,171
2020-08-01,49,25,171
2020-08-02,49,25,171
2020-08-03,49,25,171
2020-08-04,49,25,171
2020-08-05,49,25,171
2020-08-06,49,25,171
2020-08-07,49,25,171
2020-08-08,49,25,171
2020-08-09,49,25,171
2020-08-10,49,25,171
2020-08-11,49,25,171
2020-08-12,49,25,171
2020-08-13,49,25,171
2020-08-14,49,25,171
2020-08-15,49,25,171
2020-08-16,49,25,171
2020-08-17,49,25,171
2020-08-18,49,25,171
2020-08-19,49,25,171
2020-08-20,49,25,171
2020-08-21,49,25,171
2020-08-22,49,25,171
2020-08-23,49,25,171
2020-08-24,49,25,171
2020-08-25,49,25,171
2020-08-26,49,25,171
2020-08-27,49,25,171
2020-08-28,49,25,171
2020-08-29,49,25,171
2020-08-30,49,25,171
2020-08-31,49,25,171
2020-09-01,49,25,171
2020-09-02,49,25,171
2020-09-03,49,25,171
2020-09-04,49,25,171
2020-09-05,49,25,171
2020-09-06,49,25,171
2020-09-07,49,25,171
2020-09-08,49,25,171
2020-09-09,49,25,171
2020-09-10,49,25,171
2020-09-11,49,25,171
2020-09-12,49,25,171
2020-09-13,49,25,171
2020-09-14,49,25,171
2020-09-15,49,25,171
2020-09-16,49,25,171
2020-09-17,49,25,171
2020-09-18,49,25,171
2020-09-19,49,25,171
2020-09-20,49,25,171
2020-09-21,49,25,171
2020-09-22,49,25,171
2020-09-23,49,25,171
2020-09-24,49,25,171
2020-09-25,49,25,171
2020-09-26,49,25,171
2020-09-27,49,25,171
2020-09-28,49,25,171
2020-09-29,49,25,171
2020-09-30,49,25,171
2020-10-01,49,25,171
2020-10-02,49,25,171
2020-10-03,49,25,171
2020-10-04,49,25,171
2020-10-05,49,25,171
2020-10-06,49,25,171
2020-10-07,49,25,171
2020-10-08,49,25,171
2020-10-09,49,25,171
2020-10-10,49,25,171
2020-10-11,49,25,171
2020-10-12,49,25,171
2020-10-13,49,25,171
2020-10-14,49,25,171
2020-10-15,49,25,171
2020-10-16,49,25,171
2020-10-17,49,25,171
2020-10-18,49,25,171
2020-10-19,49,25,171
2020-10-20,49,25,171
2020-10-21,49,25,171
2020-10-22,49,25,171
2020-10-23,49,25,171
2020-10-24,49,25,171
2020-10-25,49,25,171
2020-10-26,49,25,171
2020-10-27,49,25,171
2020-10-28,49,25,171
2020-10-29,49,25,171
2020-10-30,49,25,171
2020-10-31,49,25,171
2020-11-01,49,25,171
2020-11-02,49,25,171
2020-11-03,49,25,171
2020-11-04,49,25,171
2020-11-05,49,25,171
2020-11-06,49,25,171
2020-11-07,49,25,171
2020-11-08,49,25,171
2020-11-09,49,25,171
2020-11-10,49,25,171
2020-11-11,49,25,171
2020-11-12,49,25,171
2020-11-13,49,25,171
2020-11-14,49,25,171
2020-11-15,49,25,171
2020-11-16,49,25,171
2020-11-17,49,25,171
2020-11-18,49,25,171
2020-11-19,49,25,171
2020-11-20,49,25,171
2020-11-21,49,25,171
2020-11-22,49,25,171
2020-11-23,49,25,171
2020-11-24,49,25,171
2020-11-25,49,25,171
2020-11-26,50,23,172
2020-11-27,50,23,172
2020-11-28,50,23,172
2020-11-29,50,23,172
2020-11-30,50,23,172
2020-12-01,50,23,172
2020-12-02,50,23,172
2020-12-03,50,23,172
2020-12-04,50,23,172
2020-12-05,50,23,172
2020-12-06,50,23,172
2020-12-07,50,23,172
2020-12-08,50,23,172
2020-12-09,50,23,172
2020-12-10,50,23,172
2020-12-11,50,23,172
2020-12-12,50,23,172
2020-12-13,50,23,172
2020-12-14,50,23,172
2020-12-15,50,23,172
2020-12-16,50,23,172
2020-12-17,50,23,172
2020-12-18,50,23,172
2020-12-19,50,23,172
2020-12-20,50,23,172
2020-12-21,50,23,172
2020-12-22,50,23,172
2020-12-23,50,23,172
2020-12-24,50,23,172
2020-12-25,50,23,172
2020-12-26,50,23,172
2020-12-27,50,23,172
2020-12-28,50,23,172
2020-12-29,50,23,172
2020-12-30,50,23,172
2020-12-31,50,23,172
2021-01-01,50,23,172
2021-01-02,50,23,172
2021-01-03,50,23,172
2021-01-04,50,23,172
2021-01-05,50,23,172
2021-01-06,50,23,172
2021-01-07,50,23,172
2021-01-08,50,23,172
2021-01-09,50,23,172
2021-01-10,50,23,172
2021-01-11,50,23,172
2021-01-12,50,23,172
2021-01-13,50,23,172
2021-01-14,50,23,172
2021-01-15,50,23,172
2021-01-16,50,23,172
2021-01-17,50,23,172
2021-01-18,50,23,172
2021-01-19,50,23,172
2021-01-20,50,23,172
2021-01-21,50,23,172
2021-01-22,50,23,172
2021-01-23,50,23,172
2021-01-24,50,23,172
2021-01-25,50,23,172
2021-01-26,50,23,172
2021-01-27,50,23,172
2021-01-28,50,23,172
2021-01-29,50,23,172
2021-01-30,50,23,172
2021-01-31,50,23,172
2021-02-01,50,23,172
2021-02-02,50,23,172
2021-02-03,50,23,172
2021-02-04,50,23,172
2021-02-05,50,23,172
2021-02-06,50,23,172
2021-02-07,50,23,172
2021-02-08,50,23,172
2021-02-09,50,23,172
2021-02-10,50,23,172
2021-02-11,48,23,174
2021-02-12,48,23,174
2021-02-13,48,23,174
2021-02-14,48,23,174
2021-02-15,48,23,174
2021-02-16,47,22,176
2021-02-17,47,22,176
2021-02-18,47,22,176
2021-02-19,47,22,176
2021-02-20,47,22,176
2021-02-21,47,22,176
2021-02-22,47,22,176
2021-02-23,47,22,176
2021-02-24,47,22,176
2021-02-25,47,22,176
2021-02-26,47,22,176
2021-02-27,47,22,176
2021-02-28,47,22,176
2021-03-01,47,22,176
2021-03-02,47,22,176
2021-03-03,47,22,176
2021-03-04,47,22,176
2021-03-05,47,22,176
2021-03-06,47,22,176
2021-03-07,47,22,176
2021-03-08,47,22,176
2021-03-09,47,22,176
2021-03-10,47,22,176
2021-03-11,47,22,176
2021-03-12,47,22,176
2021-03-13,47,22,176
2021-03-14,47,22,176
2021-03-15,47,22,176
2021-03-16,47,22,176
2021-03-17,47,22,176
2021-03-18,47,22,176
2021-03-19,47,22,176
2021-03-20,47,22,176
2021-03-21,47,22,176
2021-03-22,47,22,176
2021-03-23,47,22,176
2021-03-24,47,22,176
2021-03-25,47,22,176
2021-03-26,47,22,176
2021-03-27,47,22,176
2021-03-28,47,22,176
2021-03-29,47,22,176
2021-03-30,47,22,176
2021-03-31,47,22,176
2021-04-01,47,22,176
2021-04-02,47,22,176
2021-04-03,47,22,176
2021-04-04,47,22,176
2021-04-05,47,22,176
2021-04-06,47,22,176
2021-04-07,47,22,176
2021-04-08,47,22,176
2021-04-09,47,22,176
2021-04-10,47,22,176
2021-04-11,47,22,176
2021-04-12,47,22,176
2021-04-13,47,22,176
2021-04-14,47,22,176
2021-04-15,47,22,176
2021-04-16,47,22,176
2021-04-17,47,22,176
2021-04-18,47,22,176
2021-04-19,47,22,176
2021-04-20,47,22,176
2021-04-21,47,22,176
2021-04-22,47,20,178
2021-04-23,47,20,178
2021-04-24,47,20,178
2021-04-25,47,20,178
2021-04-26,47,20,178
2021-04-27,47,20,178
2021-04-28,47,20,178
2021-04-29,47,20,178
2021-04-30,47,20,178
2021-05-01,47,20,178
2021-05-02,47,20,178
2021-05-03,47,20,178
2021-05-04,47,20,178
2021-05-05,47,20,178
2021-05-06,47,20,178
2021-05-07,47,20,178
2021-05-08,47,20,178
2021-05-09,47,20,178
2021-05-10,47,20,178
2021-05-11,47,20,178
2021-05-12,47,20,178
2021-05-13,47,20,178
2021-05-14,47,20,178
2021-05-15,47,20,178
2021-05-16,47,20,178
2021-05-17,47,20,178
2021-05-18,47,20,178
2021-05-19,47,20,178
2021-05-20,47,20,178
2021-05-21,47,20,178
2021-05-22,47,20,178
2021-05-23,47,20,178
2021-05-24,47,20,178
2021-05-25,47,20,178
2021-05-26,47,20,178
2021-05-27,47,20,178
2021-05-28,47,20,178
2021-05-29,47,20,178
2021-05-30,47,20,178
2021-05-31,47,20,178
2021-06-01,47,20,178
2021-06-02,47,20,178
2021-06-03,47,20,178
2021-06-04,47,20,178
2021-06-05,47,20,178
2021-06-06,47,20,178
2021-06-07,47,20,178
2021-06-08,47,20,178
2021-06-09,47,20,178
2021-06-10,47,20,178
2021-06-11,47,20,178
2021-06-12,47,20,178
2021-06-13,47,20,178
2021-06-14,47,20,178
2021-06-15,47,20,178
2021-06-16,47,20,178
2021-06-17,47,20,178
2021-06-18,47,20,178
2021-06-19,47,20,178
2021-06-20,47,20,178
2021-06-21,47,20,178
2021-06-22,47,20,178
2021-06-23,47,20,178
2021-06-24,47,20,178
2021-06-25,47,20,178
2021-06-26,47,20,178
2021-06-27,47,20,178
2021-06-28,47,20,178
2021-06-29,47,20,178
2021-06-30,47,20,178
2021-07-01,47,20,178
2021-07-02,47,20,178
2021-07-03,47,20,178
2021-07-04,47,20,178
2021-07-05,47,20,178
2021-07-06,47,20,178
2021-07-07,47,20,178
2021-07-08,47,20,178
2021-07-09,47,20,178
2021-07-10,47,20,178
2021-07-11,47,20,178
2021-07-12,47,20,178
2021-07-13,47,20,178
2021-07-14,47,20,178
2021-07-15,47,20,178
2021-07-16,47,20,178
2021-07-17,47,20,178
2021-07-18,47,20,178
2021-07-19,47,20,178
2021-07-20,47,20,178
2021-07-21,47,20,178
2021-07-22,47,20,178
2021-07-23,47,20,178
2021-07-24,47,20,178
2021-07-25,47,20,178
2021-07-26,47,20,178
2021-07-27,47,20,178
2021-07-28,47,20,178
2021-07-29,47,20,178
2021-07-30,47,20,178
2021-07-31,47,20,178
2021-08-01,47,20,178
2021-08-02,47,20,178
2021-08-03,47,20,178
2021-08-04,47,20,178
2021-08-05,47,20,178
2021-08-06,47,20,178
2021-08-07,47,20,178
2021-08-08,47,20,178
2021-08-09,47,20,178
2021-08-10,47,20,178
2021-08-11,47,20,178
2021-08-12,47,20,178
2021-08-13,47,20,178
2021-08-14,47,20,178
2021-08-15,47,20,178
2021-08-16,47,20,178
2021-08-17,47,20,178
2021-08-18,47,20,178
2021-08-19,47,20,178
2021-08-20,47,20,178
2021-08-21,47,20,178
2021-08-22,47,20,178
2021-08-23,47,20,178
2021-08-24,47,20,178
2021-08-25,47,20,178
2021-08-26,47,20,178
2021-08-27,47,20,178
2021-08-28,47,20,178
2021-08-29,47,20,178
2021-08-30,47,20,178
2021-08-31,47,20,178
2021-09-01,47,20,178
2021-09-02,47,20,178
2021-09-03,47,20,178
2021-09-04,47,20,178
2021-09-05,47,20,178
2021-09-06,47,20,178
2021-09-07,47,20,178
2021-09-08,47,20,178
2021-09-09,47,20,178
2021-09-10,47,20,178
2021-09-11,47,20,178
2021-09-12,47,20,178
2021-09-13,47,20,178
2021-09-14,47,20,178
2021-09-15,47,20,178
2021-09-16,47,20,178
2021-09-17,47,20,178
2021-09-18,47,20,178
2021-09-19,47,20,178
2021-09-20,47,20,178
2021-09-21,47,20,178
2021-09-22,47,20,178
2021-09-23,47,20,178
2021-09-24,47,20,178
2021-09-25,47,20,178
2021-09-26,47,20,178
2021-09-27,47,20,178
2021-09-28,47,20,178
2021-09-29,47,20,178
2021-09-30,47,20,178
2021-10-01,47,20,178
2021-10-02,47,20,178
2021-10-03,47,20,178
2021-10-04,47,20,178
2021-10-05,47,20,178
2021-10-06,47,20,178
2021-10-07,47,21,177
2021-10-08,47,21,177
2021-10-09,47,21,177
2021-10-10,47,21,177
2021-10-11,47,21,177
2021-10-12,47,21,177
2021-10-13,47,21,177
2021-10-14,47,21,177
2021-10-15,47,21,177
2021-10-16,47,21,177
2021-10-17,47,21,177
2021-10-18,47,21,177
2021-10-19,47,21,177
2021-10-20,47,21,177
2021-10-21,47,21,177
2021-10-22,47,21,177
2021-10-23,47,21,177
2021-10-24,47,21,177
2021-10-25,47,21,177
2021-10-26,47,21,177
2021-10-27,47,21,177
2021-10-28,47,21,177
2021-10-29,47,21,177
2021-10-30,47,21,177
2021-10-31,47,21,177
2021-11-01,47,21,177
2021-11-02,47,21,177
2021-11-03,47,21,177
2021-11-04,47,21,177
2021-11-05,47,21,177
2021-11-06,47,21,177
2021-11-07,47,21,177
2021-11-08,47,21,177
2021-11-09,47,21,177
2021-11-10,47,21,177
2021-11-11,47,21,177
2021-11-12,47,21,177
2021-11-13,47,21,177
2021-11-14,47,21,177
2021-11-15,47,21,177
2021-11-16,47,21,177
2021-11-17,47,21,177
2021-11-18,47,21,177
2021-11-19,47,21,177
2021-11-20,47,21,177
2021-11-21,47,21,177
2021-11-22,47,21,177
2021-11-23,47,21,177
2021-11-24,47,21,177
2021-11-25,47,21,177
2021-11-26,47,21,177
2021-11-27,47,21,177
2021-11-28,47,21,177
2021-11-29,47,21,177
2021-11-30,47,21,177
2021-12-01,47,21,177
2021-12-02,47,21,177
2021-12-03,47,21,177
2021-12-04,47,21,177
2021-12-05,47,21,177
2021-12-06,47,21,177
2021-12-07,47,21,177
2021-12-08,47,21,177
2021-12-09,47,21,177
2021-12-10,47,21,177
2021-12-11,47,21,177
2021-12-12,47,21,177
2021-12-13,47,21,177
2021-12-14,47,21,177
2021-12-15,47,21,177
2021-12-16,47,21,177
2021-12-17,47,21,177
2021-12-18,47,21,177
2021-12-19,47,21,177
2021-12-20,47,21,177
2021-12-21,47,21,177
2021-12-22,47,21,177
2021-12-23,47,21,177
2021-12-24,47,21,177
2021-12-25,47,21,177
2021-12-26,47,21,177
2021-12-27,47,21,177
2021-12-28,47,21,177
2021-12-29,47,21,177
2021-12-30,47,21,177
2021-12-31,47,21,177
2022-01-01,47,21,177
2022-01-02,47,21,177
2022-01-03,47,21,177
2022-01-04,47,21,177
2022-01-05,47,21,177
2022-01-06,47,21,177
2022-01-07,47,21,177
2022-01-08,47,21,177
2022-01-09,47,21,177
2022-01-10,47,21,177
2022-01-11,47,21,177
2022-01-12,47,21,177
2022-01-13,47,21,177
2022-01-14,47,21,177
2022-01-15,47,21,177
2022-01-16,47,21,177
2022-01-17,47,21,177
2022-01-18,47,21,177
2022-01-19,47,21,177
2022-01-20,47,21,177
2022-01-21,47,21,177
2022-01-22,47,21,177
2022-01-23,47,21,177
2022-01-24,47,21,177
2022-01-25,47,21,177
2022-01-26,47,21,177
2022-01-27,47,21,177
2022-01-28,47,21,177
2022-01-29,47,21,177
2022-01-30,47,21,177
2022-01-31,47,21,177
2022-02-01,47,21,177
2022-02-02,47,21,177
2022-02-03,47,21,177
2022-02-04,47,21,177
2022-02-05,47,21,177
2022-02-06,47,21,177
2022-02-07,47,21,177
2022-02-08,47,21,177
2022-02-09,47,21,177
2022-02-10,47,21,177
2022-02-11,47,21,177
2022-02-12,47,21,177
2022-02-13,47,21,177
2022-02-14,47,21,177
2022-02-15,47,21,177
2022-02-16,47,21,177
2022-02-17,47,21,177
2022-02-18,47,21,177
2022-02-19,47,21,177
2022-02-20,47,21,177
2022-02-21,47,21,177
2022-02-22,47,21,177
2022-02-23,47,21,177
2022-02-24,47,21,177
2022-02-25,47,21,177
2022-02-26,47,21,177
2022-02-27,47,21,177
2022-02-28,47,21,177
2022-03-01,47,21,177
2022-03-02,47,21,177
2022-03-03,47,21,177
2022-03-04,47,21,177
2022-03-05,47,21,177
2022-03-06,47,21,177
2022-03-07,47,21,177
2022-03-08,47,21,177
2022-03-09,47,21,177
2022-03-10,47,21,177
2022-03-11,47,21,177
2022-03-12,47,21,177
2022-03-13,47,21,177
2022-03-14,47,21,177
2022-03-15,47,21,177
2022-03-16,47,21,177
2022-03-17,47,21,177
2022-03-18,47,21,177
2022-03-19,47,21,177
2022-03-20,47,21,177
2022-03-21,47,21,177
2022-03-22,47,21,177
2022-03-23,47,21,177
2022-03-24,47,21,177
2022-03-25,47,21,177
2022-03-26,47,21,177
2022-03-27,47,21,177
2022-03-28,47,21,177
2022-03-29,47,21,177
2022-03-30,47,21,177
2022-03-31,47,21,177
2022-04-01,47,21,177
2022-04-02,47,21,177
2022-04-03,48,18,179
2022-04-04,48,18,179
2022-04-05,48,18,179
2022-04-06,48,18,179
2022-04-07,48,18,179
2022-04-08,48,18,179
2022-04-09,48,18,179
2022-04-10,45,16,184
2022-04-11,45,16,184
2022-04-12,45,16,184
2022-04-13,45,16,184
2022-04-14,45,16,184
2022-04-15,45,16,184
2022-04-16,45,16,184
2022-04-17,45,16,184
2022-04-18,45,16,184
2022-04-19,45,16,184
2022-04-20,45,16,184
2022-04-21,45,16,184
2022-04-22,45,16,184
2022-04-23,45,16,184
2022-04-24,45,16,184
2022-04-25,42,16,187
2022-04-26,42,16,187
2022-04-27,42,16,187
2022-04-28,42,16,187
2022-04-29,42,16,187
2022-04-30,42,16,187
2022-05-01,42,16,187
2022-05-02,42,16,187
2022-05-03,42,16,187
2022-05-04,41,16,188
2022-05-05,41,16,188
2022-05-06,41,16,188
2022-05-07,41,16,188
2022-05-08,41,16,188
2022-05-09,41,16,188
2022-05-10,41,16,188
2022-05-11,41,16,188
2022-05-12,41,16,188
2022-05-13,41,16,188
2022-05-14,41,16,188
2022-05-15,41,16,188
2022-05-16,41,16,188
2022-05-17,41,16,188
2022-05-18,41,16,188
2022-05-19,41,16,188
2022-05-20,41,16,188
2022-05-21,41,16,188
2022-05-22,41,16,188
2022-05-23,41,16,188
2022-05-24,41,16,188
2022-05-25,41,16,188
2022-05-26,41,16,188
2022-05-27,41,16,188
2022-05-28,41,16,188
2022-05-29,41,16,188
2022-05-30,41,16,188
2022-05-31,41,16,188
2022-06-01,41,16,188
2022-06-02,41,16,188
2022-06-03,41,16,188
2022-06-04,41,16,188
2022-06-05,41,16,188
2022-06-06,41,16,188
2022-06-07,41,16,188
2022-06-08,41,16,188
2022-06-09,41,16,188
2022-06-10,41,16,188
2022-06-11,41,16,188
2022-06-12,41,16,188
2022-06-13,41,16,188
2022-06-14,41,16,188
2022-06-15,41,16,188
2022-06-16,41,16,188
2022-06-17,41,16,188
2022-06-18,41,16,188
2022-06-19,41,16,188
2022-06-20,41,16,188
2022-06-21,41,16,188
2022-06-22,38,16,191
2022-06-23,38,16,191
2022-06-24,38,16,191
2022-06-25,38,16,191
2022-06-26,38,16,191
2022-06-27,38,16,191
2022-06-28,38,16,191
2022-06-29,38,16,191
2022-06-30,35,12,198
2022-07-01,34,9,202
2022-07-02,34,9,202
2022-07-03,34,9,202
2022-07-04,34,9,202
2022-07-05,30,5,210
2022-07-06,30,5,210
2022-07-07,30,5,210
2022-07-08,25,5,215
2022-07-09,25,5,215
2022-07-10,25,5,215
2022-07-11,25,5,215
2022-07-12,25,5,215
2022-07-13,25,5,215
2022-07-14,25,5,215
2022-07-15,25,5,215
2022-07-16,25,5,215
2022-07-17,25,5,215
2022-07-18,25,5,215
2022-07-19,25,5,215
2022-07-20,25,5,215
2022-07-21,25,5,215
2022-07-22,25,5,215
2022-07-23,25,5,215
2022-07-24,25,5,215
2022-07-25,25,5,215
2022-07-26,25,5,215
2022-07-27,25,5,215
2022-07-28,25,5,215
2022-07-29,25,5,215
2022-07-30,25,5,215
2022-07-31,25,5,215
2022-08-01,25,5,215
2022-08-02,24,5,216
2022-08-03,24,5,216
2022-08-04,24,5,216
2022-08-05,24,5,216
2022-08-06,24,5,216
2022-08-07,24,5,216
2022-08-08,24,5,216
2022-08-09,24,5,216
2022-08-10,24,5,216
2022-08-11,24,5,216
2022-08-12,24,5,216
2022-08-13,24,5,216
2022-08-14,24,5,216
2022-08-15,24,5,216
2022-08-16,24,5,216
2022-08-17,24,5,216
2022-08-18,24,5,216
2022-08-19,24,5,216
2022-08-20,24,5,216
2022-08-21,24,5,216
2022-08-22,24,5,216
2022-08-23,24,5,216
2022-08-24,24,5,216
2022-08-25,24,5,216
2022-08-26,24,5,216
2022-08-27,24,5,216
2022-08-28,24,5,216
2022-08-29,24,5,216
2022-08-30,24,5,216
2022-08-31,24,5,216
2022-09-01,24,5,216
2022-09-02,24,5,216
2022-09-03,24,5,216
2022-09-04,24,5,216
2022-09-05,24,5,216
2022-09-06,24,5,216
2022-09-07,24,5,216
2022-09-08,24,5,216
2022-09-09,24,5,216
2022-09-10,24,5,216
2022-09-11,24,5,216
2022-09-12,24,5,216
2022-09-13,24,5,216
2022-09-14,24,5,216
2022-09-15,24,5,216
2022-09-16,24,5,216
2022-09-17,24,5,216
2022-09-18,24,5,216
2022-09-19,24,5,216
2022-09-20,24,5,216
2022-09-21,24,5,216
2022-09-22,24,5,216
2022-09-23,24,5,216
2022-09-24,24,5,216
2022-09-25,24,5,216
2022-09-26,24,5,216
2022-09-27,24,5,216
2022-09-28,24,5,216
2022-09-29,24,5,216
2022-09-30,24,5,216
2022-10-01,24,5,216
2022-10-02,24,5,216
2022-10-03,24,5,216
2022-10-04,24,5,216
2022-10-05,24,5,216
2022-10-06,24,5,216
2022-10-07,24,5,216
2022-10-08,24,5,216
2022-10-09,24,5,216
2022-10-10,24,5,216
2022-10-11,24,5,216
2022-10-12,24,5,216
2022-10-13,24,5,216
2022-10-14,24,5,216
2022-10-15,24,5,216
2022-10-16,24,5,216
2022-10-17,24,5,216
2022-10-18,24,5,216
2022-10-19,24,5,216
2022-10-20,24,5,216
2022-10-21,24,5,216
2022-10-22,24,5,216
2022-10-23,24,5,216
2022-10-24,24,5,216
2022-10-25,24,5,216
2022-10-26,24,5,216
2022-10-27,24,5,216
2022-10-28,24,5,216
2022-10-29,24,5,216
2022-10-30,24,5,216
2022-10-31,24,5,216
2022-11-01,24,5,216
2022-11-02,24,5,216
2022-11-03,24,5,216
2022-11-04,24,5,216
2022-11-05,24,5,216
2022-11-06,24,5,216
2022-11-07,24,5,216
2022-11-08,24,5,216
2022-11-09,24,5,216
2022-11-10,24,5,216
2022-11-11,24,5,216
2022-11-12,24,5,216
2022-11-13,24,5,216
2022-11-14,24,5,216
2022-11-15,24,5,216
2022-11-16,24,5,216
2022-11-17,24,5,216
2022-11-18,24,5,216
2022-11-19,24,5,216
2022-11-20,24,5,216
2022-11-21,24,5,216
2022-11-22,24,5,216
2022-11-23,24,5,216
2022-11-24,24,5,216
2022-11-25,24,5,216
2022-11-26,24,5,216
2022-11-27,24,5,216
2022-11-28,24,5,216
2022-11-29,24,5,216
2022-11-30,24,5,216
2022-12-01,24,5,216
2022-12-02,24,5,216
2022-12-03,24,5,216
2022-12-04,24,5,216
2022-12-05,24,5,216
2022-12-06,24,5,216
2022-12-07,24,5,216
2022-12-08,24,5,216
2022-12-09,24,5,216
2022-12-10,24,5,216
2022-12-11,24,5,216
2022-12-12,24,5,216
2022-12-13,24,5,216
2022-12-14,24,5,216
2022-12-15,24,5,216
2022-12-16,24,5,216
2022-12-17,24,5,216
2022-12-18,24,5,216
2022-12-19,24,5,216
2022-12-20,24,5,216
2022-12-21,24,5,216
2022-12-22,24,5,216
2022-12-23,24,5,216
2022-12-24,24,5,216
2022-12-25,24,5,216
2022-12-26,24,5,216
2022-12-27,24,5,216
2022-12-28,24,5,216
2022-12-29,24,5,216
2022-12-30,24,5,216
2022-12-31,24,5,216
2023-01-01,24,5,216
2023-01-02,24,5,216
2023-01-03,24,5,216
2023-01-04,24,5,216
2023-01-05,24,5,216
2023-01-06,24,5,216
2023-01-07,24,5,216
2023-01-08,24,5,216
2023-01-09,24,5,216
2023-01-10,24,5,216
2023-01-11,24,5,216
2023-01-12,24,5,216
2023-01-13,24,5,216
2023-01-14,24,5,216
2023-01-15,24,5,216
2023-01-16,24,5,216
2023-01-17,24,5,216
2023-01-18,24,5,216
2023-01-19,24,5,216
2023-01-20,24,5,216
2023-01-21,24,5,216
2023-01-22,24,5,216
2023-01-23,24,5,216
2023-01-24,24,5,216
2023-01-25,24,5,216
2023-01-26,24,5,216
2023-01-27,24,5,216
2023-01-28,24,5,216
2023-01-29,24,5,216
2023-01-30,24,5,216
2023-01-31,24,5,216
2023-02-01,24,5,216
2023-02-02,24,5,216
2023-02-03,24,5,216
2023-02-04,24,5,216
2023-02-05,24,5,216
2023-02-06,24,5,216
2023-02-07,24,5,216
2023-02-08,24,5,216
2023-02-09,24,5,216
2023-02-10,24,5,216
2023-02-11,24,5,216
2023-02-12,24,5,216
2023-02-13,24,5,216
2023-02-14,24,5,216
2023-02-15,24,5,216
2023-02-16,24,5,216
2023-02-17,24,5,216
2023-02-18,24,5,216
2023-02-19,24,5,216
2023-02-20,24,5,216
2023-02-21,24,5,216
2023-02-22,24,5,216
2023-02-23,24,5,216
2023-02-24,24,5,216
2023-02-25,24,5,216
2023-02-26,24,5,216
2023-02-27,24,5,216
2023-02-28,24,5,216
2023-03-01,24,5,216
2023-03-02,24,5,216
2023-03-03,24,5,216
2023-03-04,24,5,216
2023-03-05,24,5,216
2023-03-06,24,5,216
2023-03-07,24,5,216
2023-03-08,24,5,216
2023-03-09,24,5,216
2023-03-10,24,5,216
2023-03-11,24,5,216
2023-03-12,24,5,216
2023-03-13,24,5,216
2023-03-14,24,5,216
2023-03-15,24,5,216
2023-03-16,24,5,216
2023-03-17,24,5,216
2023-03-18,24,5,216
2023-03-19,24,5,216
2023-03-20,24,5,216
2023-03-21,24,5,216
2023-03-22,24,5,216
2023-03-23,24,5,216
2023-03-24,24,5,216
2023-03-25,24,5,216
2023-03-26,24,5,216
2023-03-27,24,5,216
2023-03-28,24,5,216
2023-03-29,24,5,216
2023-03-30,24,5,216
2023-03-31,24,5,216
2023-04-01,24,5,216
2023-04-02,24,5,216
2023-04-03,24,5,216
2023-04-04,24,5,216
2023-04-05,24,5,216
2023-04-06,24,5,216
2023-04-07,24,5,216
2023-04-08,24,5,216
2023-04-09,24,5,216
2023-04-10,24,5,216
2023-04-11,24,5,216
2023-04-12,24,5,216
2023-04-13,24,5,216
2023-04-14,24,5,216
2023-04-15,24,5,216
2023-04-16,24,5,216
2023-04-17,24,5,216
2023-04-18,24,5,216
2023-04-19,24,5,216
2023-04-20,24,5,216
2023-04-21,24,5,216
2023-04-22,24,5,216
2023-04-23,24,5,216
2023-04-24,24,5,216
2023-04-25,24,5,216
2023-04-26,24,5,216
2023-04-27,24,5,216
2023-04-28,24,5,216
2023-04-29,24,5,216
2023-04-30,24,5,216
2023-05-01,24,5,216
2023-05-02,24,5,216
2023-05-03,24,5,216
2023-05-04,24,5,216
2023-05-05,24,5,216
2023-05-06,24,5,216
2023-05-07,24,5,216
2023-05-08,24,5,216
2023-05-09,24,5,216
2023-05-10,24,5,216
2023-05-11,24,5,216
2023-05-12,24,5,216
2023-05-13,24,5,216
2023-05-14,24,5,216
2023-05-15,24,5,216
2023-05-16,24,5,216
2023-05-17,24,5,216
2023-05-18,24,5,216
2023-05-19,24,5,216
2023-05-20,24,5,216
2023-05-21,24,5,216
2023-05-22,24,5,216
2023-05-23,24,5,216
2023-05-24,24,5,216
2023-05-25,24,5,216
2023-05-26,24,5,216
2023-05-27,24,5,216
2023-05-28,24,5,216
2023-05-29,24,5,216
2023-05-30,24,5,216
2023-05-31,24,5,216
2023-06-01,24,5,216
2023-06-02,24,5,216
2023-06-03,24,5,216
2023-06-04,24,5,216
2023-06-05,24,5,216
2023-06-06,24,5,216
2023-06-07,24,5,216
2023-06-08,24,5,216
2023-06-09,24,5,216
2023-06-10,24,5,216
2023-06-11,24,5,216
2023-06-12,24,5,216
2023-06-13,24,5,216
2023-06-14,24,5,216
2023-06-15,24,5,216
2023-06-16,24,5,216
2023-06-17,24,5,216
2023-06-18,24,5,216
2023-06-19,24,5,216
2023-06-20,24,5,216
2023-06-21,24,5,216
2023-06-22,24,5,216
2023-06-23,24,5,216
2023-06-24,24,5,216
2023-06-25,24,5,216
2023-06-26,24,5,216
2023-06-27,24,5,216
2023-06-28,24,5,216
2023-06-29,24,5,216
2023-06-30,24,5,216
2023-07-01,24,5,216
2023-07-02,24,5,216
2023-07-03,24,5,216
2023-07-04,24,5,216
2023-07-05,24,5,216
2023-07-06,24,5,216
2023-07-07,24,5,216
2023-07-08,24,5,216
2023-07-09,24,5,216
2023-07-10,24,5,216
2023-07-11,24,5,216
2023-07-12,24,5,216
2023-07-13,24,5,216
2023-07-14,24,5,216
2023-07-15,24,5,216
2023-07-16,24,5,216
2023-07-17,24,5,216
2023-07-18,24,5,216
2023-07-19,24,5,216
2023-07-20,24,5,216
2023-07-21,24,5,216
2023-07-22,24,5,216
2023-07-23,24,5,216
2023-07-24,24,5,216
2023-07-25,24,5,216
2023-07-26,24,5,216
2023-07-27,24,5,216
2023-07-28,24,5,216
2023-07-29,23,5,217
2023-07-30,23,5,217
2023-07-31,23,5,217
2023-08-01,23,5,217
2023-08-02,23,5,217
2023-08-03,23,5,217
2023-08-04,23,5,217
2023-08-05,23,5,217
2023-08-06,23,5,217
2023-08-07,23,5,217
2023-08-08,23,5,217
2023-08-09,23,5,217
2023-08-10,23,5,217
2023-08-11,23,5,217
2023-08-12,23,5,217
2023-08-13,23,5,217
2023-08-14,23,5,217
2023-08-15,23,5,217
2023-08-16,23,5,217
2023-08-17,23,5,217
2023-08-18,23,5,217
2023-08-19,23,5,217
2023-08-20,23,5,217
2023-08-21,23,5,217
2023-08-22,23,5,217
2023-08-23,23,5,217
2023-08-24,23,5,217
2023-08-25,23,5,217
2023-08-26,23,5,217
2023-08-27,23,5,217
2023-08-28,23,5,217
2023-08-29,23,5,217
2023-08-30,23,5,217
2023-08-31,23,5,217
2023-09-01,23,5,217
2023-09-02,23,5,217
2023-09-03,23,5,217
2023-09-04,23,5,217
2023-09-05,23,5,217
2023-09-06,23,5,217
2023-09-07,23,5,217
2023-09-08,23,5,217
2023-09-09,23,5,217
2023-09-10,23,5,217
2023-09-11,23,5,217
2023-09-12,23,5,217
2023-09-13,23,5,217
2023-09-14,23,5,217
2023-09-15,23,5,217
2023-09-16,23,5,217
2023-09-17,23,5,217
2023-09-18,23,5,217
2023-09-19,23,5,217
2023-09-20,23,5,217
2023-09-21,23,5,217
2023-09-22,23,5,217
2023-09-23,23,5,217
2023-09-24,23,5,217
2023-09-25,23,5,217
2023-09-26,23,5,217
2023-09-27,23,5,217
2023-09-28,23,5,217
2023-09-29,23,5,217
2023-09-30,23,5,217
2023-10-01,23,5,217
2023-10-02,23,5,217
2023-10-03,23,5,217
2023-10-04,23,5,217
2023-10-05,23,5,217
2023-10-06,23,5,217
2023-10-07,23,5,217
2023-10-08,23,5,217
2023-10-09,23,5,217
2023-10-10,23,5,217
2023-10-11,23,5,217
2023-10-12,23,5,217
2023-10-13,23,5,217
2023-10-14,23,5,217
2023-10-15,23,5,217
2023-10-16,23,5,217
2023-10-17,23,5,217
2023-10-18,23,5,217
2023-10-19,23,5,217
2023-10-20,23,5,217
2023-10-21,23,5,217
2023-10-22,23,5,217
2023-10-23,23,5,217
2023-10-24,23,5,217
2023-10-25,23,5,217
2023-10-26,23,5,217
2023-10-27,23,5,217
2023-10-28,23,5,217
2023-10-29,23,5,217
2023-10-30,23,5,217
2023-10-31,23,5,217
2023-11-01,23,5,217
2023-11-02,23,5,217
2023-11-03,23,5,217
2023-11-04,23,5,217
2023-11-05,23,5,217
2023-11-06,23,5,217
2023-11-07,23,5,217
2023-11-08,23,5,217
2023-11-09,23,5,217
2023-11-10,23,5,217
2023-11-11,23,5,217
2023-11-12,23,5,217
2023-11-13,23,5,217
2023-11-14,23,5,217
2023-11-15,23,5,217
2023-11-16,23,5,217
2023-11-17,23,5,217
2023-11-18,23,5,217
2023-11-19,23,5,217
2023-11-20,23,5,217
2023-11-21,23,5,217
2023-11-22,23,5,217
2023-11-23,23,5,217
2023-11-24,23,5,217
2023-11-25,23,5,217
2023-11-26,23,5,217
2023-11-27,23,5,217
2023-11-28,23,5,217
2023-11-29,23,5,217
2023-11-30,23,5,217
2023-12-01,23,5,217
2023-12-02,23,5,217
2023-12-03,23,5,217
2023-12-04,23,5,217
2023-12-05,23,5,217
2023-12-06,23,5,217
2023-12-07,23,5,217
2023-12-08,23,5,217
2023-12-09,23,5,217
2023-12-10,23,5,217
2023-12-11,23,5,217
2023-12-12,23,5,217
2023-12-13,23,5,217
2023-12-14,23,5,217
2023-12-15,23,5,217
2023-12-16,23,5,217
2023-12-17,23,5,217
2023-12-18,23,5,217
2023-12-19,23,5,217
2023-12-20,23,5,217
2023-12-21,23,5,217
2023-12-22,23,5,217
2023-12-23,23,5,217
2023-12-24,23,5,217
2023-12-25,23,5,217
2023-12-26,23,5,217
2023-12-27,23,5,217
2023-12-28,23,5,217
2023-12-29,23,5,217
2023-12-30,23,5,217
2023-12-31,23,5,217
2024-01-01,23,5,217
2024-01-02,23,5,217
2024-01-03,23,5,217
2024-01-04,23,5,217
2024-01-05,23,5,217
2024-01-06,23,5,217
2024-01-07,23,5,217
2024-01-08,23,5,217
2024-01-09,23,5,217
2024-01-10,23,5,217
2024-01-11,23,5,217
2024-01-12,23,5,217
2024-01-13,23,5,217
2024-01-14,23,5,217
2024-01-15,23,5,217
2024-01-16,23,5,217
2024-01-17,23,5,217
2024-01-18,23,5,217
2024-01-19,23,5,217
2024-01-20,23,5,217
2024-01-21,23,5,217
2024-01-22,23,5,217
2024-01-23,23,5,217
2024-01-24,23,5,217
2024-01-25,23,5,217
2024-01-26,23,5,217
2024-01-27,23,5,217
2024-01-28,23,5,217
2024-01-29,23,5,217
2024-01-30,23,5,217
2024-01-31,23,5,217
2024-02-01,23,5,217
2024-02-02,23,5,217
2024-02-03,23,5,217
2024-02-04,23,5,217
2024-02-05,23,5,217
2024-02-06,23,5,217
2024-02-07,23,5,217
2024-02-08,23,5,217
2024-02-09,23,5,217
2024-02-10,23,5,217
2024-02-11,23,5,217
2024-02-12,23,5,217
2024-02-13,23,5,217
2024-02-14,23,5,217
2024-02-15,23,5,217
2024-02-16,23,5,217
2024-02-17,23,5,217
2024-02-18,23,5,217
2024-02-19,23,5,217
2024-02-20,23,5,217
2024-02-21,23,5,217
2024-02-22,23,5,217
2024-02-23,23,5,217
2024-02-24,23,5,217
2024-02-25,23,5,217
2024-02-26,23,5,217
2024-02-27,23,5,217
2024-02-28,23,5,217
2024-02-29,23,5,217
2024-03-01,23,5,217
2024-03-02,23,5,217
2024-03-03,23,5,217
2024-03-04,23,5,217
2024-03-05,23,5,217
2024-03-06,23,5,217
2024-03-07,23,5,217
2024-03-08,23,5,217
2024-03-09,23,5,217
2024-03-10,23,5,217
2024-03-11,23,5,217
2024-03-12,23,5,217
2024-03-13,23,5,217
2024-03-14,23,5,217
2024-03-15,23,5,217
2024-03-16,23,5,217
2024-03-17,23,5,217
2024-03-18,23,5,217
2024-03-19,23,5,217
2024-03-20,23,5,217
2024-03-21,23,5,217
2024-03-22,23,5,217
2024-03-23,23,5,217
2024-03-24,23,5,217
2024-03-25,23,5,217
2024-03-26,23,5,217
2024-03-27,23,5,217
2024-03-28,23,5,217
2024-03-29,23,5,217
2024-03-30,23,5,217
2024-03-31,23,5,217
2024-04-01,23,5,217
2024-04-02,23,5,217
2024-04-03,23,5,217
2024-04-04,23,5,217
2024-04-05,23,5,217
2024-04-06,23,5,217
2024-04-07,23,5,217
2024-04-08,23,5,217
2024-04-09,23,5,217
2024-04-10,23,5,217
2024-04-11,23,5,217
2024-04-12,23,5,217
2024-04-13,23,5,217
2024-04-14,23,5,217
2024-04-15,23,5,217
2024-04-16,23,5,217
2024-04-17,23,5,217
2024-04-18,23,5,217
2024-04-19,23,5,217
2024-04-20,23,5,217
2024-04-21,23,5,217
2024-04-22,23,5,217
2024-04-23,23,5,217
2024-04-24,23,5,217
2024-04-25,23,5,217
2024-04-26,23,5,217
2024-04-27,23,5,217
2024-04-28,23,5,217
2024-04-29,23,5,217
2024-04-30,23,5,217
2024-05-01,23,5,217
2024-05-02,23,5,217
2024-05-03,23,5,217
2024-05-04,23,5,217
2024-05-05,23,5,217
2024-05-06,23,5,217
2024-05-07,23,5,217
2024-05-08,23,5,217
2024-05-09,23,5,217
2024-05-10,23,5,217
2024-05-11,23,5,217
2024-05-12,23,5,217
2024-05-13,23,5,217
2024-05-14,23,5,217
2024-05-15,23,5,217
2024-05-16,23,5,217
2024-05-17,23,5,217
2024-05-18,23,5,217
2024-05-19,23,5,217
2024-05-20,23,5,217
2024-05-21,23,5,217
2024-05-22,23,5,217
2024-05-23,23,5,217
2024-05-24,23,5,217
2024-05-25,23,5,217
2024-05-26,23,5,217
2024-05-27,23,5,217
2024-05-28,23,5,217
2024-05-29,23,5,217
2024-05-30,23,5,217
2024-05-31,23,5,217
2024-06-01,23,5,217
2024-06-02,23,5,217
2024-06-03,23,5,217
2024-06-04,23,5,217
2024-06-05,23,5,217
2024-06-06,23,5,217
2024-06-07,23,5,217
2024-06-08,23,5,217
2024-06-09,23,5,217
2024-06-10,23,5,217
2024-06-11,23,5,217
2024-06-12,23,5,217
2024-06-13,23,5,217
2024-06-14,23,5,217
2024-06-15,23,5,217
2024-06-16,23,5,217
2024-06-17,23,5,217
2024-06-18,23,5,217
2024-06-19,23,5,217
2024-06-20,23,5,217
2024-06-21,23,5,217
2024-06-22,23,5,217
2024-06-23,23,5,217
2024-06-24,23,5,217
2024-06-25,23,5,217
2024-06-26,23,5,217
2024-06-27,23,5,217
2024-06-28,23,5,217
2024-06-29,23,5,217
2024-06-30,23,5,217
