date,nda,upa,oth,ndax,upax,othx
2017-08-19,81,62,102,81,62,102
2017-08-20,81,62,102,81,62,102
2017-08-21,81,62,102,81,62,102
2017-08-22,81,62,102,81,62,102
2017-08-23,81,62,102,81,62,102
2017-08-24,81,62,102,81,62,102
2017-08-25,81,62,102,81,62,102
2017-08-26,81,62,102,81,62,102
2017-08-27,81,62,102,81,62,102
2017-08-28,81,62,102,81,62,102
2017-08-29,81,62,102,81,62,102
2017-08-30,81,62,102,81,62,102
2017-08-31,81,62,102,81,62,102
2017-09-01,81,62,102,81,62,102
2017-09-02,81,62,102,81,62,102
2017-09-03,81,62,102,81,62,102
2017-09-04,81,62,102,81,62,102
2017-09-05,81,62,102,81,62,102
2017-09-06,81,62,102,81,62,102
2017-09-07,81,62,102,81,62,102
2017-09-08,81,62,102,81,62,102
2017-09-09,81,62,102,81,62,102
2017-09-10,81,62,102,81,62,102
2017-09-11,81,62,102,81,62,102
2017-09-12,81,62,102,81,62,102
2017-09-13,81,62,102,81,62,102
2017-09-14,81,62,102,81,62,102
2017-09-15,81,62,102,81,62,102
2017-09-16,81,62,102,81,62,102
2017-09-17,81,62,102,81,62,102
2017-09-18,81,62,102,81,62,102
2017-09-19,81,62,102,81,62,102
2017-09-20,81,62,102,81,62,102
2017-09-21,81,62,102,81,62,102
2017-09-22,81,62,102,81,62,102
2017-09-23,81,62,102,81,62,102
2017-09-24,81,62,102,81,62,102
2017-09-25,81,62,102,81,62,102
2017-09-26,81,62,102,81,62,102
2017-09-27,81,62,102,81,62,102
2017-09-28,81,62,102,81,62,102
2017-09-29,81,62,102,81,62,102
2017-09-30,81,62,102,81,62,102
2017-10-01,81,62,102,81,62,102
2017-10-02,81,62,102,81,62,102
2017-10-03,81,62,102,81,62,102
2017-10-04,81,62,102,81,62,102
2017-10-05,81,62,102,81,62,102
2017-10-06,81,62,102,81,62,102
2017-10-07,81,62,102,81,62,102
2017-10-08,81,62,102,81,62,102
2017-10-09,81,62,102,81,62,102
2017-10-10,81,62,102,81,62,102
2017-10-11,81,62,102,81,62,102
2017-10-12,81,62,102,81,62,102
2017-10-13,81,62,102,81,62,102
2017-10-14,81,62,102,81,62,102
2017-10-15,81,62,102,81,62,102
2017-10-16,81,62,102,81,62,102
2017-10-17,81,62,102,81,62,102
2017-10-18,81,62,102,81,62,102
2017-10-19,81,62,102,81,62,102
2017-10-20,81,62,102,81,62,102
2017-10-21,81,62,102,81,62,102
2017-10-22,81,62,102,81,62,102
2017-10-23,81,62,102,81,62,102
2017-10-24,81,62,102,81,62,102
2017-10-25,81,62,102,81,62,102
2017-10-26,81,62,102,81,62,102
2017-10-27,81,62,102,81,62,102
2017-10-28,81,62,102,81,62,102
2017-10-29,81,62,102,81,62,102
2017-10-30,81,62,102,81,62,102
2017-10-31,81,62,102,81,62,102
2017-11-01,81,62,102,81,62,102
2017-11-02,81,62,102,81,62,102
2017-11-03,81,62,102,81,62,102
2017-11-04,81,62,102,81,62,102
2017-11-05,81,62,102,81,62,102
2017-11-06,81,62,102,81,62,102
2017-11-07,81,62,102,81,62,102
2017-11-08,81,62,102,81,62,102
2017-11-09,81,62,102,81,62,102
2017-11-10,81,62,102,81,62,102
2017-11-11,81,62,102,81,62,102
2017-11-12,81,62,102,81,62,102
2017-11-13,81,62,102,81,62,102
2017-11-14,81,62,102,81,62,102
2017-11-15,81,62,102,81,62,102
2017-11-16,81,62,102,81,62,102
2017-11-17,81,62,102,81,62,102
2017-11-18,81,62,102,81,62,102
2017-11-19,81,62,102,81,62,102
2017-11-20,81,62,102,81,62,102
2017-11-21,81,62,102,81,62,102
2017-11-22,81,62,102,81,62,102
2017-11-23,81,62,102,81,62,102
2017-11-24,81,62,102,81,62,102
2017-11-25,81,62,102,81,62,102
2017-11-26,81,62,102,81,62,102
2017-11-27,81,62,102,81,62,102
2017-11-28,81,62,102,81,62,102
2017-11-29,81,62,102,81,62,102
2017-11-30,81,62,102,81,62,102
2017-12-01,81,62,102,81,62,102
2017-12-02,81,62,102,81,62,102
2017-12-03,81,62,102,81,62,102
2017-12-04,81,62,102,81,62,102
2017-12-05,81,62,102,81,62,102
2017-12-06,81,62,102,81,62,102
2017-12-07,81,62,102,81,62,102
2017-12-08,81,62,102,81,62,102
2017-12-09,81,62,102,81,62,102
2017-12-10,81,62,102,81,62,102
2017-12-11,81,62,102,81,62,102
2017-12-12,81,62,102,81,62,102
2017-12-13,81,62,102,81,62,102
2017-12-14,81,62,102,81,62,102
2017-12-15,81,62,102,81,62,102
2017-12-16,81,62,102,81,62,102
2017-12-17,81,62,102,81,62,102
2017-12-18,81,62,102,81,62,102
2017-12-19,81,62,102,81,62,102
2017-12-20,81,62,102,81,62,102
2017-12-21,81,62,102,81,62,102
2017-12-22,81,62,102,81,62,102
2017-12-23,81,62,102,81,62,102
2017-12-24,81,62,102,81,62,102
2017-12-25,81,62,102,81,62,102
2017-12-26,81,62,102,81,62,102
2017-12-27,81,62,102,81,62,102
2017-12-28,81,62,102,81,62,102
2017-12-29,81,62,102,81,62,102
2017-12-30,81,62,102,81,62,102
2017-12-31,81,62,102,81,62,102
2018-01-01,81,62,102,81,62,102
2018-01-02,81,62,102,81,62,102
2018-01-03,81,62,102,81,62,102
2018-01-04,81,62,102,81,62,102
2018-01-05,81,62,102,81,62,102
2018-01-06,81,62,102,81,62,102
2018-01-07,81,62,102,81,62,102
2018-01-08,81,62,102,81,62,102
2018-01-09,81,62,102,81,62,102
2018-01-10,81,62,102,81,62,102
2018-01-11,81,62,102,81,62,102
2018-01-12,81,62,102,81,62,102
2018-01-13,81,62,102,81,62,102
2018-01-14,81,62,102,81,62,102
2018-01-15,81,62,102,81,62,102
2018-01-16,81,62,102,81,62,102
2018-01-17,81,62,102,81,62,102
2018-01-18,81,62,102,81,62,102
2018-01-19,81,62,102,81,62,102
2018-01-20,81,62,102,81,62,102
2018-01-21,81,62,102,81,62,102
2018-01-22,81,62,102,81,62,102
2018-01-23,81,62,102,81,62,102
2018-01-24,81,62,102,81,62,102
2018-01-25,81,62,102,81,62,102
2018-01-26,81,62,102,81,62,102
2018-01-27,81,62,102,81,62,102
2018-01-28,81,59,105,81,59,105
2018-01-29,81,59,105,81,59,105
2018-01-30,81,59,105,81,59,105
2018-01-31,81,59,105,81,59,105
2018-02-01,81,59,105,81,59,105
2018-02-02,81,59,105,81,59,105
2018-02-03,81,59,105,81,59,105
2018-02-04,81,59,105,81,59,105
2018-02-05,81,59,105,81,59,105
2018-02-06,81,59,105,81,59,105
2018-02-07,81,59,105,81,59,105
2018-02-08,81,59,105,81,59,105
2018-02-09,81,59,105,81,59,105
2018-02-10,81,59,105,81,59,105
2018-02-11,81,59,105,81,59,105
2018-02-12,81,59,105,81,59,105
2018-02-13,81,59,105,81,59,105
2018-02-14,81,59,105,81,59,105
2018-02-15,81,59,105,81,59,105
2018-02-16,81,59,105,81,59,105
2018-02-17,81,59,105,81,59,105
2018-02-18,81,59,105,81,59,105
2018-02-19,81,59,105,81,59,105
2018-02-20,81,59,105,81,59,105
2018-02-21,81,59,105,81,59,105
2018-02-22,81,59,105,81,59,105
2018-02-23,81,59,105,81,59,105
2018-02-24,81,59,105,81,59,105
2018-02-25,81,59,105,81,59,105
2018-02-26,81,59,105,81,59,105
2018-02-27,81,59,105,81,59,105
2018-02-28,81,59,105,81,59,105
2018-03-01,81,59,105,81,59,105
2018-03-02,81,59,105,81,59,105
2018-03-03,81,59,105,81,59,105
2018-03-04,81,59,105,81,59,105
2018-03-05,81,59,105,81,59,105
2018-03-06,81,59,105,81,59,105
2018-03-07,81,59,105,81,59,105
2018-03-08,81,59,105,81,59,105
2018-03-09,81,59,105,81,59,105
2018-03-10,81,59,105,81,59,105
2018-03-11,81,59,105,81,59,105
2018-03-12,81,59,105,81,59,105
2018-03-13,81,59,105,81,59,105
2018-03-14,81,59,105,81,59,105
2018-03-15,81,59,105,81,59,105
2018-03-16,81,59,105,81,59,105
2018-03-17,81,59,105,81,59,105
2018-03-18,81,59,105,81,59,105
2018-03-19,81,59,105,81,59,105
2018-03-20,81,59,105,81,59,105
2018-03-21,81,59,105,81,59,105
2018-03-22,81,59,105,81,59,105
2018-03-23,81,59,105,81,59,105
2018-03-24,81,59,105,81,59,105
2018-03-25,81,59,105,81,59,105
2018-03-26,81,59,105,81,59,105
2018-03-27,81,59,105,81,59,105
2018-03-28,81,59,105,81,59,105
2018-03-29,81,59,105,81,59,105
2018-03-30,81,59,105,81,59,105
2018-03-31,81,59,105,81,59,105
2018-04-01,81,59,105,81,59,105
2018-04-02,81,59,105,81,59,105
2018-04-03,61,49,135,61,50,134
2018-04-04,63,47,135,63,48,134
2018-04-05,63,47,135,63,48,134
2018-04-06,63,47,135,63,48,134
2018-04-07,63,47,135,63,48,134
2018-04-08,63,47,135,63,48,134
2018-04-09,63,47,135,63,48,134
2018-04-10,63,47,135,63,48,134
2018-04-11,63,47,135,63,48,134
2018-04-12,63,47,135,63,48,134
2018-04-13,63,47,135,63,48,134
2018-04-14,63,47,135,63,48,134
2018-04-15,63,47,135,63,48,134
2018-04-16,63,47,135,63,48,134
2018-04-17,63,47,135,63,48,134
2018-04-18,63,47,135,63,48,134
2018-04-19,63,47,135,63,48,134
2018-04-20,63,47,135,63,48,134
2018-04-21,63,47,135,63,48,134
2018-04-22,63,47,135,63,48,134
2018-04-23,63,47,135,63,48,134
2018-04-24,63,47,135,63,48,134
2018-04-25,63,47,135,63,48,134
2018-04-26,63,47,135,63,48,134
2018-04-27,63,47,135,63,48,134
2018-04-28,63,47,135,63,48,134
2018-04-29,63,47,135,63,48,134
2018-04-30,63,47,135,63,48,134
2018-05-01,63,47,135,63,48,134
2018-05-02,63,47,135,63,48,134
2018-05-03,63,47,135,63,48,134
2018-05-04,63,46,136,63,47,135
2018-05-05,63,46,136,63,47,135
2018-05-06,63,46,136,63,47,135
2018-05-07,63,46,136,63,47,135
2018-05-08,63,46,136,63,47,135
2018-05-09,63,46,136,63,47,135
2018-05-10,63,46,136,63,47,135
2018-05-11,63,46,136,63,47,135
2018-05-12,63,46,136,63,47,135
2018-05-13,63,46,136,63,47,135
2018-05-14,63,46,136,63,47,135
2018-05-15,63,46,136,63,47,135
2018-05-16,63,46,136,63,47,135
2018-05-17,63,46,136,63,47,135
2018-05-18,63,46,136,63,47,135
2018-05-19,63,46,136,63,47,135
2018-05-20,63,46,136,63,47,135
2018-05-21,63,46,136,63,47,135
2018-05-22,63,46,136,63,47,135
2018-05-23,63,46,136,63,47,135
2018-05-24,63,46,136,63,47,135
2018-05-25,63,46,136,63,47,135
2018-05-26,63,46,136,63,47,135
2018-05-27,63,46,136,63,47,135
2018-05-28,63,46,136,63,47,135
2018-05-29,63,46,136,63,47,135
2018-05-30,63,46,136,63,47,135
2018-05-31,63,46,136,63,47,135
2018-06-01,63,46,136,63,47,135
2018-06-02,63,46,136,63,47,135
2018-06-03,63,46,136,63,47,135
2018-06-04,63,46,136,63,47,135
2018-06-05,63,46,136,63,47,135
2018-06-06,63,46,136,63,47,135
2018-06-07,63,46,136,63,47,135
2018-06-08,63,46,136,63,47,135
2018-06-09,63,46,136,63,47,135
2018-06-10,63,46,136,63,47,135
2018-06-11,63,46,136,63,47,135
2018-06-12,63,46,136,63,47,135
2018-06-13,63,46,136,63,47,135
2018-06-14,63,46,136,63,47,135
2018-06-15,63,46,136,63,47,135
2018-06-16,63,46,136,63,47,135
2018-06-17,63,46,136,63,47,135
2018-06-18,63,46,136,63,47,135
2018-06-19,63,46,136,63,47,135
2018-06-20,63,46,136,63,47,135
2018-06-21,63,46,136,63,47,135
2018-06-22,63,46,136,63,47,135
2018-06-23,63,46,136,63,47,135
2018-06-24,63,46,136,63,47,135
2018-06-25,63,46,136,63,47,135
2018-06-26,63,46,136,63,47,135
2018-06-27,63,46,136,63,47,135
2018-06-28,63,46,136,63,47,135
2018-06-29,63,46,136,63,47,135
2018-06-30,63,46,136,63,47,135
2018-07-01,63,46,136,63,47,135
2018-07-02,63,44,138,63,45,137
2018-07-03,63,44,138,63,45,137
2018-07-04,63,44,138,63,45,137
2018-07-05,63,44,138,63,45,137
2018-07-06,63,44,138,63,45,137
2018-07-07,63,44,138,63,45,137
2018-07-08,63,44,138,63,45,137
2018-07-09,63,44,138,63,45,137
2018-07-10,63,44,138,63,45,137
2018-07-11,63,44,138,63,45,137
2018-07-12,63,44,138,63,45,137
2018-07-13,63,44,138,63,45,137
2018-07-14,63,44,138,63,45,137
2018-07-15,63,44,138,63,45,137
2018-07-16,63,44,138,63,45,137
2018-07-17,63,44,138,63,45,137
2018-07-18,63,44,138,63,45,137
2018-07-19,63,44,138,63,45,137
2018-07-20,63,44,138,63,45,137
2018-07-21,63,44,138,63,45,137
2018-07-22,63,44,138,63,45,137
2018-07-23,63,44,138,63,45,137
2018-07-24,63,44,138,63,45,137
2018-07-25,63,44,138,63,45,137
2018-07-26,63,44,138,63,45,137
2018-07-27,63,44,138,63,45,137
2018-07-28,63,44,138,63,45,137
2018-07-29,63,44,138,63,45,137
2018-07-30,63,44,138,63,45,137
2018-07-31,63,44,138,63,45,137
2018-08-01,63,44,138,63,45,137
2018-08-02,63,44,138,63,45,137
2018-08-03,63,44,138,63,45,137
2018-08-04,63,44,138,63,45,137
2018-08-05,63,44,138,63,45,137
2018-08-06,63,44,138,63,45,137
2018-08-07,63,44,138,63,45,137
2018-08-08,63,44,138,63,45,137
2018-08-09,63,44,138,63,45,137
2018-08-10,63,44,138,63,45,137
2018-08-11,63,44,138,63,45,137
2018-08-12,63,44,138,63,45,137
2018-08-13,63,44,138,63,45,137
2018-08-14,63,44,138,63,45,137
2018-08-15,63,44,138,63,45,137
2018-08-16,63,44,138,63,45,137
2018-08-17,63,44,138,63,45,137
2018-08-18,63,44,138,63,45,137
2018-08-19,63,44,138,63,45,137
2018-08-20,63,44,138,63,45,137
2018-08-21,63,44,138,63,45,137
2018-08-22,63,44,138,63,45,137
2018-08-23,63,44,138,63,45,137
2018-08-24,63,44,138,63,45,137
2018-08-25,63,44,138,63,45,137
2018-08-26,63,44,138,63,45,137
2018-08-27,63,44,138,63,45,137
2018-08-28,63,44,138,63,45,137
2018-08-29,63,44,138,63,45,137
2018-08-30,63,44,138,63,45,137
2018-08-31,63,44,138,63,45,137
2018-09-01,63,44,138,63,45,137
2018-09-02,63,44,138,63,45,137
2018-09-03,63,44,138,63,45,137
2018-09-04,63,44,138,63,45,137
2018-09-05,63,44,138,63,45,137
2018-09-06,63,44,138,63,45,137
2018-09-07,63,44,138,63,45,137
2018-09-08,63,44,138,63,45,137
2018-09-09,63,44,138,63,45,137
2018-09-10,63,44,138,63,45,137
2018-09-11,63,44,138,63,45,137
2018-09-12,63,44,138,63,45,137
2018-09-13,63,44,138,63,45,137
2018-09-14,63,44,138,63,45,137
2018-09-15,63,44,138,63,45,137
2018-09-16,63,44,138,63,45,137
2018-09-17,63,44,138,63,45,137
2018-09-18,63,44,138,63,45,137
2018-09-19,63,44,138,63,45,137
2018-09-20,63,44,138,63,45,137
2018-09-21,63,44,138,63,45,137
2018-09-22,63,44,138,63,45,137
2018-09-23,63,44,138,63,45,137
2018-09-24,63,44,138,63,45,137
2018-09-25,63,44,138,63,45,137
2018-09-26,63,44,138,63,45,137
2018-09-27,63,44,138,63,45,137
2018-09-28,63,44,138,63,45,137
2018-09-29,63,44,138,63,45,137
2018-09-30,63,44,138,63,45,137
2018-10-01,63,44,138,63,45,137
2018-10-02,63,44,138,63,45,137
2018-10-03,63,44,138,63,45,137
2018-10-04,63,44,138,63,45,137
2018-10-05,63,44,138,63,45,137
2018-10-06,63,44,138,63,45,137
2018-10-07,63,44,138,63,45,137
2018-10-08,63,44,138,63,45,137
2018-10-09,63,44,138,63,45,137
2018-10-10,63,44,138,63,45,137
2018-10-11,63,44,138,63,45,137
2018-10-12,63,44,138,63,45,137
2018-10-13,63,44,138,63,45,137
2018-10-14,63,44,138,63,45,137
2018-10-15,63,44,138,63,45,137
2018-10-16,63,44,138,63,45,137
2018-10-17,63,44,138,63,45,137
2018-10-18,63,44,138,63,45,137
2018-10-19,63,44,138,63,45,137
2018-10-20,63,44,138,63,45,137
2018-10-21,63,44,138,63,45,137
2018-10-22,63,44,138,63,45,137
2018-10-23,63,44,138,63,45,137
2018-10-24,63,44,138,63,45,137
2018-10-25,63,44,138,63,45,137
2018-10-26,63,44,138,63,45,137
2018-10-27,63,44,138,63,45,137
2018-10-28,63,44,138,63,45,137
2018-10-29,63,44,138,63,45,137
2018-10-30,63,44,138,63,45,137
2018-10-31,63,44,138,63,45,137
2018-11-01,63,44,138,63,45,137
2018-11-02,63,44,138,63,45,137
2018-11-03,63,44,138,63,45,137
2018-11-04,63,44,138,63,45,137
2018-11-05,63,44,138,63,45,137
2018-11-06,63,44,138,63,45,137
2018-11-07,63,44,138,63,45,137
2018-11-08,63,44,138,63,45,137
2018-11-09,63,44,138,63,45,137
2018-11-10,63,44,138,63,45,137
2018-11-11,63,44,138,63,45,137
2018-11-12,63,44,138,63,45,137
2018-11-13,63,44,138,63,45,137
2018-11-14,63,44,138,63,45,137
2018-11-15,63,44,138,63,45,137
2018-11-16,63,44,138,63,45,137
2018-11-17,63,44,138,63,45,137
2018-11-18,63,44,138,63,45,137
2018-11-19,63,44,138,63,45,137
2018-11-20,63,44,138,63,45,137
2018-11-21,63,44,138,63,45,137
2018-11-22,63,44,138,63,45,137
2018-11-23,63,44,138,63,45,137
2018-11-24,63,44,138,63,45,137
2018-11-25,63,44,138,63,45,137
2018-11-26,63,44,138,63,45,137
2018-11-27,63,44,138,63,45,137
2018-11-28,63,44,138,63,45,137
2018-11-29,63,44,138,63,45,137
2018-11-30,63,44,138,63,45,137
2018-12-01,63,44,138,63,45,137
2018-12-02,63,44,138,63,45,137
2018-12-03,63,44,138,63,45,137
2018-12-04,63,44,138,63,45,137
2018-12-05,63,44,138,63,45,137
2018-12-06,63,44,138,63,45,137
2018-12-07,63,44,138,63,45,137
2018-12-08,63,44,138,63,45,137
2018-12-09,63,44,138,63,45,137
2018-12-10,63,44,138,63,45,137
2018-12-11,63,44,138,63,45,137
2018-12-12,63,44,138,63,45,137
2018-12-13,63,44,138,63,45,137
2018-12-14,63,44,138,63,45,137
2018-12-15,63,44,138,63,45,137
2018-12-16,63,44,138,63,45,137
2018-12-17,63,44,138,63,45,137
2018-12-18,63,44,138,63,45,137
2018-12-19,63,44,138,63,45,137
2018-12-20,63,44,138,63,45,137
2018-12-21,63,44,138,63,45,137
2018-12-22,63,44,138,63,45,137
2018-12-23,63,44,138,63,45,137
2018-12-24,63,44,138,63,45,137
2018-12-25,63,44,138,63,45,137
2018-12-26,63,44,138,63,45,137
2018-12-27,63,44,138,63,45,137
2018-12-28,63,44,138,63,45,137
2018-12-29,63,44,138,63,45,137
2018-12-30,63,44,138,63,45,137
2018-12-31,63,44,138,63,45,137
2019-01-01,63,44,138,63,45,137
2019-01-02,63,44,138,63,45,137
2019-01-03,63,44,138,63,45,137
2019-01-04,63,44,138,63,45,137
2019-01-05,63,44,138,63,45,137
2019-01-06,62,44,139,63,45,137
2019-01-07,62,44,139,63,45,137
2019-01-08,62,44,139,63,45,137
2019-01-09,62,44,139,63,45,137
2019-01-10,62,44,139,63,45,137
2019-01-11,62,44,139,63,45,137
2019-01-12,62,44,139,63,45,137
2019-01-13,62,44,139,63,45,137
2019-01-14,62,44,139,63,45,137
2019-01-15,62,44,139,63,45,137
2019-01-16,62,44,139,63,45,137
2019-01-17,62,44,139,63,45,137
2019-01-18,62,44,139,63,45,137
2019-01-19,62,44,139,63,45,137
2019-01-20,62,44,139,63,45,137
2019-01-21,59,44,142,63,45,137
2019-01-22,59,44,142,63,45,137
2019-01-23,59,44,142,63,45,137
2019-01-24,59,44,142,63,45,137
2019-01-25,59,44,142,63,45,137
2019-01-26,59,44,142,63,45,137
2019-01-27,59,44,142,63,45,137
2019-01-28,59,44,142,63,45,137
2019-01-29,59,44,142,63,45,137
2019-01-30,59,44,142,63,45,137
2019-01-31,59,44,142,63,45,137
2019-02-01,59,44,142,63,45,137
2019-02-02,59,44,142,63,45,137
2019-02-03,59,44,142,63,45,137
2019-02-04,59,44,142,63,45,137
2019-02-05,59,44,142,63,45,137
2019-02-06,59,44,142,63,45,137
2019-02-07,59,44,142,63,45,137
2019-02-08,59,44,142,63,45,137
2019-02-09,59,44,142,63,45,137
2019-02-10,59,44,142,63,45,137
2019-02-11,59,44,142,63,45,137
2019-02-12,59,44,142,63,45,137
2019-02-13,59,44,142,63,45,137
2019-02-14,59,44,142,63,45,137
2019-02-15,59,44,142,63,45,137
2019-02-16,59,44,142,63,45,137
2019-02-17,59,44,142,63,45,137
2019-02-18,59,44,142,63,45,137
2019-02-19,59,44,142,63,45,137
2019-02-20,59,44,142,63,45,137
2019-02-21,59,44,142,63,45,137
2019-02-22,59,44,142,63,45,137
2019-02-23,59,44,142,63,45,137
2019-02-24,59,44,142,63,45,137
2019-02-25,59,44,142,63,45,137
2019-02-26,59,44,142,63,45,137
2019-02-27,59,44,142,63,45,137
2019-02-28,59,44,142,63,45,137
2019-03-01,59,44,142,63,45,137
2019-03-02,59,44,142,63,45,137
2019-03-03,59,44,142,63,45,137
2019-03-04,59,44,142,63,45,137
2019-03-05,59,44,142,63,45,137
2019-03-06,59,44,142,63,45,137
2019-03-07,59,44,142,63,45,137
2019-03-08,59,44,142,63,45,137
2019-03-09,59,44,142,63,45,137
2019-03-10,59,44,142,63,45,137
2019-03-11,59,44,142,63,45,137
2019-03-12,59,44,142,63,45,137
2019-03-13,59,44,142,63,45,137
2019-03-14,59,44,142,63,45,137
2019-03-15,59,44,142,63,45,137
2019-03-16,59,44,142,63,45,137
2019-03-17,59,44,142,63,45,137
2019-03-18,59,44,142,63,45,137
2019-03-19,59,44,142,63,45,137
2019-03-20,59,44,142,63,45,137
2019-03-21,59,44,142,63,45,137
2019-03-22,59,44,142,63,45,137
2019-03-23,59,44,142,63,45,137
2019-03-24,59,44,142,63,45,137
2019-03-25,59,44,142,63,45,137
2019-03-26,59,44,142,63,45,137
2019-03-27,59,44,142,63,45,137
2019-03-28,59,44,142,63,45,137
2019-03-29,59,44,142,63,45,137
2019-03-30,59,44,142,63,45,137
2019-03-31,59,44,142,63,45,137
2019-04-01,59,44,142,63,45,137
2019-04-02,59,44,142,63,45,137
2019-04-03,59,44,142,63,45,137
2019-04-04,59,44,142,63,45,137
2019-04-05,59,44,142,63,45,137
2019-04-06,59,44,142,63,45,137
2019-04-07,59,44,142,63,45,137
2019-04-08,59,44,142,63,45,137
2019-04-09,59,44,142,63,45,137
2019-04-10,59,44,142,63,45,137
2019-04-11,59,44,142,63,45,137
2019-04-12,59,44,142,63,45,137
2019-04-13,59,44,142,63,45,137
2019-04-14,59,44,142,63,45,137
2019-04-15,59,44,142,63,45,137
2019-04-16,59,44,142,63,45,137
2019-04-17,59,44,142,63,45,137
2019-04-18,59,44,142,63,45,137
2019-04-19,59,44,142,63,45,137
2019-04-20,59,44,142,63,45,137
2019-04-21,59,44,142,63,45,137
2019-04-22,59,44,142,63,45,137
2019-04-23,59,44,142,63,45,137
2019-04-24,59,44,142,63,45,137
2019-04-25,59,44,142,63,45,137
2019-04-26,59,44,142,63,45,137
2019-04-27,59,44,142,63,45,137
2019-04-28,59,44,142,63,45,137
2019-04-29,59,44,142,63,45,137
2019-04-30,59,44,142,63,45,137
2019-05-01,59,44,142,63,45,137
2019-05-02,59,44,142,63,45,137
2019-05-03,59,44,142,63,45,137
2019-05-04,59,44,142,63,45,137
2019-05-05,59,44,142,63,45,137
2019-05-06,59,44,142,63,45,137
2019-05-07,59,44,142,63,45,137
2019-05-08,59,44,142,63,45,137
2019-05-09,59,44,142,63,45,137
2019-05-10,59,44,142,63,45,137
2019-05-11,59,44,142,63,45,137
2019-05-12,59,44,142,63,45,137
2019-05-13,59,44,142,63,45,137
2019-05-14,59,44,142,63,45,137
2019-05-15,59,44,142,63,45,137
2019-05-16,59,44,142,63,45,137
2019-05-17,59,44,142,63,45,137
2019-05-18,59,44,142,63,45,137
2019-05-19,59,44,142,63,45,137
2019-05-20,59,44,142,63,45,137
2019-05-21,59,44,142,63,45,137
2019-05-22,59,44,142,63,45,137
2019-05-23,59,44,142,63,45,137
2019-05-24,59,44,142,63,45,137
2019-05-25,59,44,142,63,45,137
2019-05-26,59,44,142,63,45,137
2019-05-27,59,44,142,63,45,137
2019-05-28,58,44,143,63,45,137
2019-05-29,58,44,143,63,45,137
2019-05-30,58,44,143,63,45,137
2019-05-31,58,44,143,63,45,137
2019-06-01,58,44,143,63,45,137
2019-06-02,58,44,143,63,45,137
2019-06-03,58,44,143,63,45,137
2019-06-04,58,44,143,63,45,137
2019-06-05,58,44,143,63,45,137
2019-06-06,58,44,143,63,45,137
2019-06-07,58,44,143,63,45,137
2019-06-08,58,44,143,63,45,137
2019-06-09,58,44,143,63,45,137
2019-06-10,58,44,143,63,45,137
2019-06-11,58,44,143,63,45,137
2019-06-12,58,44,143,63,45,137
2019-06-13,58,44,143,63,45,137
2019-06-14,58,44,143,63,45,137
2019-06-15,60,42,143,65,43,137
2019-06-16,60,42,143,65,43,137
2019-06-17,60,42,143,65,43,137
2019-06-18,60,42,143,65,43,137
2019-06-19,60,42,143,65,43,137
2019-06-20,60,42,143,65,43,137
2019-06-21,60,42,143,65,43,137
2019-06-22,60,42,143,65,43,137
2019-06-23,60,42,143,65,43,137
2019-06-24,60,42,143,65,43,137
2019-06-25,60,42,143,65,43,137
2019-06-26,60,42,143,65,43,137
2019-06-27,60,42,143,65,43,137
2019-06-28,60,42,143,65,43,137
2019-06-29,60,42,143,65,43,137
2019-06-30,60,42,143,65,43,137
2019-07-01,60,42,143,65,43,137
2019-07-02,60,42,143,65,43,137
2019-07-03,60,42,143,65,43,137
2019-07-04,60,42,143,65,43,137
2019-07-05,60,42,143,65,43,137
2019-07-06,60,42,143,65,43,137
2019-07-07,60,42,143,65,43,137
2019-07-08,60,42,143,65,43,137
2019-07-09,60,42,143,65,43,137
2019-07-10,60,42,143,65,43,137
2019-07-11,60,42,143,65,43,137
2019-07-12,60,42,143,65,43,137
2019-07-13,60,42,143,65,43,137
2019-07-14,60,42,143,65,43,137
2019-07-15,60,42,143,65,43,137
2019-07-16,60,42,143,65,43,137
2019-07-17,60,42,143,65,43,137
2019-07-18,60,42,143,65,43,137
2019-07-19,60,42,143,65,43,137
2019-07-20,60,42,143,65,43,137
2019-07-21,60,42,143,65,43,137
2019-07-22,60,42,143,65,43,137
2019-07-23,60,42,143,65,43,137
2019-07-24,60,42,143,65,43,137
2019-07-25,60,41,144,65,42,138
2019-07-26,60,41,144,65,42,138
2019-07-27,60,41,144,65,42,138
2019-07-28,60,41,144,65,42,138
2019-07-29,60,41,144,65,42,138
2019-07-30,60,41,144,65,42,138
2019-07-31,60,41,144,65,42,138
2019-08-01,60,41,144,65,42,138
2019-08-02,60,41,144,65,42,138
2019-08-03,60,41,144,65,42,138
2019-08-04,60,41,144,65,42,138
2019-08-05,60,41,144,65,42,138
2019-08-06,60,41,144,65,42,138
2019-08-07,60,41,144,65,42,138
2019-08-08,60,41,144,65,42,138
2019-08-09,60,41,144,65,42,138
2019-08-10,60,41,144,65,42,138
2019-08-11,60,41,144,65,42,138
2019-08-12,60,41,144,65,42,138
2019-08-13,60,41,144,65,42,138
2019-08-14,60,41,144,65,42,138
2019-08-15,60,41,144,65,42,138
2019-08-16,60,41,144,65,42,138
2019-08-17,60,41,144,65,42,138
2019-08-18,60,41,144,65,42,138
2019-08-19,60,41,144,65,42,138
2019-08-20,60,41,144,65,42,138
2019-08-21,60,41,144,65,42,138
2019-08-22,60,41,144,65,42,138
2019-08-23,60,41,144,65,42,138
2019-08-24,60,41,144,65,42,138
2019-08-25,60,41,144,65,42,138
2019-08-26,60,41,144,65,42,138
2019-08-27,60,41,144,65,42,138
2019-08-28,60,41,144,65,42,138
2019-08-29,60,41,144,65,42,138
2019-08-30,60,41,144,65,42,138
2019-08-31,60,41,144,65,42,138
2019-09-01,60,41,144,65,42,138
2019-09-02,60,41,144,65,42,138
2019-09-03,60,41,144,65,42,138
2019-09-04,60,41,144,65,42,138
2019-09-05,60,41,144,65,42,138
2019-09-06,60,41,144,65,42,138
2019-09-07,60,41,144,65,42,138
2019-09-08,60,41,144,65,42,138
2019-09-09,60,41,144,65,42,138
2019-09-10,60,41,144,65,42,138
2019-09-11,60,41,144,65,42,138
2019-09-12,60,41,144,65,42,138
2019-09-13,60,41,144,65,42,138
2019-09-14,60,41,144,65,42,138
2019-09-15,60,41,144,65,42,138
2019-09-16,60,41,144,65,42,138
2019-09-17,60,41,144,65,42,138
2019-09-18,60,41,144,65,42,138
2019-09-19,60,41,144,65,42,138
2019-09-20,60,41,144,65,42,138
2019-09-21,60,41,144,65,42,138
2019-09-22,60,41,144,65,42,138
2019-09-23,60,41,144,65,42,138
2019-09-24,60,41,144,65,42,138
2019-09-25,60,41,144,65,42,138
2019-09-26,60,41,144,65,42,138
2019-09-27,60,41,144,65,42,138
2019-09-28,60,41,144,65,42,138
2019-09-29,60,41,144,65,42,138
2019-09-30,60,41,144,65,42,138
2019-10-01,60,41,144,65,42,138
2019-10-02,60,41,144,65,42,138
2019-10-03,60,41,144,65,42,138
2019-10-04,60,41,144,65,42,138
2019-10-05,60,41,144,65,42,138
2019-10-06,60,41,144,65,42,138
2019-10-07,60,41,144,65,42,138
2019-10-08,60,41,144,65,42,138
2019-10-09,60,41,144,65,42,138
2019-10-10,60,41,144,65,42,138
2019-10-11,60,41,144,65,42,138
2019-10-12,60,41,144,65,42,138
2019-10-13,60,41,144,65,42,138
2019-10-14,60,41,144,65,42,138
2019-10-15,60,41,144,65,42,138
2019-10-16,60,41,144,65,42,138
2019-10-17,60,41,144,65,42,138
2019-10-18,60,41,144,65,42,138
2019-10-19,60,41,144,65,42,138
2019-10-20,60,41,144,65,42,138
2019-10-21,60,41,144,65,42,138
2019-10-22,60,41,144,65,42,138
2019-10-23,60,41,144,65,42,138
2019-10-24,60,41,144,65,42,138
2019-10-25,60,41,144,65,42,138
2019-10-26,60,41,144,65,42,138
2019-10-27,60,41,144,65,42,138
2019-10-28,60,41,144,65,42,138
2019-10-29,60,41,144,65,42,138
2019-10-30,60,41,144,65,42,138
2019-10-31,60,41,144,65,42,138
2019-11-01,60,41,144,65,42,138
2019-11-02,60,41,144,65,42,138
2019-11-03,59,41,145,65,42,138
2019-11-04,59,41,145,65,42,138
2019-11-05,59,41,145,65,42,138
2019-11-06,59,41,145,65,42,138
2019-11-07,59,41,145,65,42,138
2019-11-08,59,41,145,65,42,138
2019-11-09,59,41,145,65,42,138
2019-11-10,59,41,145,65,42,138
2019-11-11,59,41,145,65,42,138
2019-11-12,59,41,145,65,42,138
2019-11-13,59,41,145,65,42,138
2019-11-14,59,41,145,65,42,138
2019-11-15,59,41,145,65,42,138
2019-11-16,59,41,145,65,42,138
2019-11-17,59,41,145,65,42,138
2019-11-18,59,41,145,65,42,138
2019-11-19,59,41,145,65,42,138
2019-11-20,59,41,145,65,42,138
2019-11-21,59,41,145,65,42,138
2019-11-22,59,41,145,65,42,138
2019-11-23,59,41,145,65,42,138
2019-11-24,59,41,145,65,42,138
2019-11-25,59,41,145,65,42,138
2019-11-26,59,41,145,65,42,138
2019-11-27,59,41,145,65,42,138
2019-11-28,59,41,145,65,42,138
2019-11-29,59,41,145,65,42,138
2019-11-30,59,41,145,65,42,138
2019-12-01,59,41,145,65,42,138
2019-12-02,59,41,145,65,42,138
2019-12-03,59,41,145,65,42,138
2019-12-04,59,41,145,65,42,138
2019-12-05,59,41,145,65,42,138
2019-12-06,59,41,145,65,42,138
2019-12-07,59,41,145,65,42,138
2019-12-08,59,41,145,65,42,138
2019-12-09,59,41,145,65,42,138
2019-12-10,59,41,145,65,42,138
2019-12-11,59,41,145,65,42,138
2019-12-12,59,41,145,65,42,138
2019-12-13,59,41,145,65,42,138
2019-12-14,59,41,145,65,42,138
2019-12-15,59,41,145,65,42,138
2019-12-16,59,41,145,65,42,138
2019-12-17,59,41,145,65,42,138
2019-12-18,59,41,145,65,42,138
2019-12-19,59,41,145,65,42,138
2019-12-20,59,41,145,65,42,138
2019-12-21,59,41,145,65,42,138
2019-12-22,59,41,145,65,42,138
2019-12-23,59,41,145,65,42,138
2019-12-24,59,41,145,65,42,138
2019-12-25,59,41,145,65,42,138
2019-12-26,59,41,145,65,42,138
2019-12-27,59,41,145,65,42,138
2019-12-28,59,41,145,65,42,138
2019-12-29,59,41,145,65,42,138
2019-12-30,59,41,145,65,42,138
2019-12-31,59,41,145,65,42,138
2020-01-01,59,41,145,65,42,138
2020-01-02,59,41,145,65,42,138
2020-01-03,59,41,145,65,42,138
2020-01-04,59,41,145,65,42,138
2020-01-05,59,41,145,65,42,138
2020-01-06,59,41,145,65,42,138
2020-01-07,59,41,145,65,42,138
2020-01-08,59,41,145,65,42,138
2020-01-09,59,41,145,65,42,138
2020-01-10,59,41,145,65,42,138
2020-01-11,59,41,145,65,42,138
2020-01-12,59,41,145,65,42,138
2020-01-13,59,41,145,65,42,138
2020-01-14,59,41,145,65,42,138
2020-01-15,59,41,145,65,42,138
2020-01-16,59,41,145,65,42,138
2020-01-17,59,41,145,65,42,138
2020-01-18,59,41,145,65,42,138
2020-01-19,59,41,145,65,42,138
2020-01-20,59,41,145,65,42,138
2020-01-21,59,41,145,65,42,138
2020-01-22,59,41,145,65,42,138
2020-01-23,59,41,145,65,42,138
2020-01-24,59,41,145,65,42,138
2020-01-25,59,41,145,65,42,138
2020-01-26,59,41,145,65,42,138
2020-01-27,59,41,145,65,42,138
2020-01-28,59,41,145,65,42,138
2020-01-29,59,41,145,65,42,138
2020-01-30,59,41,145,65,42,138
2020-01-31,59,41,145,65,42,138
2020-02-01,59,41,145,65,42,138
2020-02-02,59,41,145,65,42,138
2020-02-03,59,41,145,65,42,138
2020-02-04,59,41,145,65,42,138
2020-02-05,59,41,145,65,42,138
2020-02-06,59,41,145,65,42,138
2020-02-07,59,41,145,65,42,138
2020-02-08,59,41,145,65,42,138
2020-02-09,59,41,145,65,42,138
2020-02-10,59,41,145,65,42,138
2020-02-11,59,41,145,65,42,138
2020-02-12,59,41,145,65,42,138
2020-02-13,59,41,145,65,42,138
2020-02-14,59,41,145,65,42,138
2020-02-15,59,41,145,65,42,138
2020-02-16,59,41,145,65,42,138
2020-02-17,59,41,145,65,42,138
2020-02-18,59,41,145,65,42,138
2020-02-19,59,41,145,65,42,138
2020-02-20,59,41,145,65,42,138
2020-02-21,59,41,145,65,42,138
2020-02-22,59,41,145,65,42,138
2020-02-23,59,41,145,65,42,138
2020-02-24,59,41,145,65,42,138
2020-02-25,59,41,145,65,42,138
2020-02-26,59,41,145,65,42,138
2020-02-27,59,41,145,65,42,138
2020-02-28,59,41,145,65,42,138
2020-02-29,59,41,145,65,42,138
2020-03-01,59,41,145,65,42,138
2020-03-02,59,41,145,65,42,138
2020-03-03,59,41,145,65,42,138
2020-03-04,59,41,145,65,42,138
2020-03-05,59,41,145,65,42,138
2020-03-06,59,41,145,65,42,138
2020-03-07,59,41,145,65,42,138
2020-03-08,59,41,145,65,42,138
2020-03-09,59,41,145,65,42,138
2020-03-10,59,41,145,65,42,138
2020-03-11,59,41,145,65,42,138
2020-03-12,59,41,145,65,42,138
2020-03-13,59,41,145,65,42,138
2020-03-14,59,41,145,65,42,138
2020-03-15,59,41,145,65,42,138
2020-03-16,59,41,145,65,42,138
2020-03-17,59,41,145,65,42,138
2020-03-18,59,41,145,65,42,138
2020-03-19,59,41,145,65,42,138
2020-03-20,59,41,145,65,42,138
2020-03-21,59,41,145,65,42,138
2020-03-22,59,41,145,65,42,138
2020-03-23,59,41,145,65,42,138
2020-03-24,59,41,145,65,42,138
2020-03-25,59,41,145,65,42,138
2020-03-26,59,41,145,65,42,138
2020-03-27,59,41,145,65,42,138
2020-03-28,59,41,145,65,42,138
2020-03-29,59,41,145,65,42,138
2020-03-30,59,41,145,65,42,138
2020-03-31,59,41,145,65,42,138
2020-04-01,59,41,145,65,42,138
2020-04-02,59,41,145,65,42,138
2020-04-03,57,38,150,63,39,143
2020-04-04,57,38,150,63,39,143
2020-04-05,57,38,150,63,39,143
2020-04-06,57,38,150,63,39,143
2020-04-07,57,38,150,63,39,143
2020-04-08,57,38,150,63,39,143
2020-04-09,57,38,150,63,39,143
2020-04-10,40,28,177,49,30,166
2020-04-11,40,28,177,49,30,166
2020-04-12,40,28,177,49,30,166
2020-04-13,40,27,178,49,29,167
2020-04-14,40,27,178,49,29,167
2020-04-15,40,27,178,49,29,167
2020-04-16,40,27,178,49,29,167
2020-04-17,40,27,178,49,29,167
2020-04-18,40,27,178,49,29,167
2020-04-19,40,27,178,49,29,167
2020-04-20,40,27,178,49,29,167
2020-04-21,40,27,178,49,29,167
2020-04-22,40,27,178,49,29,167
2020-04-23,40,27,178,49,29,167
2020-04-24,40,27,178,49,29,167
2020-04-25,40,27,178,49,29,167
2020-04-26,40,27,178,49,29,167
2020-04-27,40,27,178,49,29,167
2020-04-28,40,27,178,49,29,167
2020-04-29,40,27,178,49,29,167
2020-04-30,40,27,178,49,29,167
2020-05-01,40,27,178,49,29,167
2020-05-02,40,27,178,49,29,167
2020-05-03,40,27,178,49,29,167
2020-05-04,40,27,178,49,29,167
2020-05-05,40,27,178,49,29,167
2020-05-06,40,27,178,49,29,167
2020-05-07,40,27,178,49,29,167
2020-05-08,40,27,178,49,29,167
2020-05-09,40,27,178,49,29,167
2020-05-10,40,27,178,49,29,167
2020-05-11,40,27,178,49,29,167
2020-05-12,40,27,178,49,29,167
2020-05-13,40,27,178,49,29,167
2020-05-14,40,27,178,49,29,167
2020-05-15,40,27,178,49,29,167
2020-05-16,40,27,178,49,29,167
2020-05-17,40,27,178,49,29,167
2020-05-18,40,27,178,49,29,167
2020-05-19,40,27,178,49,29,167
2020-05-20,40,27,178,49,29,167
2020-05-21,40,27,178,49,29,167
2020-05-22,40,27,178,49,29,167
2020-05-23,40,27,178,49,29,167
2020-05-24,40,27,178,49,29,167
2020-05-25,40,27,178,49,29,167
2020-05-26,40,27,178,49,29,167
2020-05-27,40,27,178,49,29,167
2020-05-28,40,27,178,49,29,167
2020-05-29,40,27,178,49,29,167
2020-05-30,40,27,178,49,29,167
2020-05-31,40,27,178,49,29,167
2020-06-01,40,27,178,49,29,167
2020-06-02,40,27,178,49,29,167
2020-06-03,40,27,178,49,29,167
2020-06-04,40,27,178,49,29,167
2020-06-05,40,27,178,49,29,167
2020-06-06,40,27,178,49,29,167
2020-06-07,40,27,178,49,29,167
2020-06-08,40,27,178,49,29,167
2020-06-09,40,27,178,49,29,167
2020-06-10,40,27,178,49,29,167
2020-06-11,40,27,178,49,29,167
2020-06-12,40,27,178,49,29,167
2020-06-13,40,27,178,49,29,167
2020-06-14,40,27,178,49,29,167
2020-06-15,40,27,178,49,29,167
2020-06-16,40,27,178,49,29,167
2020-06-17,40,27,178,49,29,167
2020-06-18,40,27,178,49,29,167
2020-06-19,40,27,178,49,29,167
2020-06-20,40,27,178,49,29,167
2020-06-21,40,27,178,49,29,167
2020-06-22,40,27,178,49,29,167
2020-06-23,40,27,178,49,29,167
2020-06-24,40,26,179,50,28,167
2020-06-25,40,26,179,50,28,167
2020-06-26,39,24,182,49,26,170
2020-06-27,39,24,182,49,26,170
2020-06-28,39,24,182,49,26,170
2020-06-29,39,24,182,49,26,170
2020-06-30,39,24,182,49,26,170
2020-07-01,39,24,182,49,26,170
2020-07-02,39,24,182,49,26,170
2020-07-03,39,24,182,49,26,170
2020-07-04,39,24,182,49,26,170
2020-07-05,39,24,182,49,26,170
2020-07-06,39,24,182,49,26,170
2020-07-07,39,24,182,49,26,170
2020-07-08,39,24,182,49,26,170
2020-07-09,39,24,182,49,26,170
2020-07-10,39,24,182,49,26,170
2020-07-11,39,24,182,49,26,170
2020-07-12,39,24,182,49,26,170
2020-07-13,39,24,182,49,26,170
2020-07-14,39,24,182,49,26,170
2020-07-15,39,24,182,49,26,170
2020-07-16,39,24,182,49,26,170
2020-07-17,39,24,182,49,26,170
2020-07-18,39,24,182,49,26,170
2020-07-19,39,23,183,49,26,170
2020-07-20,39,23,183,49,26,170
2020-07-21,39,23,183,49,26,170
2020-07-22,39,23,183,49,26,170
2020-07-23,39,23,183,49,26,170
2020-07-24,39,23,183,49,26,170
2020-07-25,39,23,183,49,26,170
2020-07-26,39,23,183,49,26,170
2020-07-27,39,23,183,49,26,170
2020-07-28,39,23,183,49,26,170
2020-07-29,39,23,183,49,26,170
2020-07-30,39,23,183,49,26,170
2020-07-31,39,23,183,49,26,170
2020-08-01,39,23,183,49,26,170
2020-08-02,39,23,183,49,26,170
2020-08-03,39,23,183,49,26,170
2020-08-04,39,23,183,49,26,170
2020-08-05,39,23,183,49,26,170
2020-08-06,39,23,183,49,26,170
2020-08-07,39,23,183,49,26,170
2020-08-08,39,23,183,49,26,170
2020-08-09,39,23,183,49,26,170
2020-08-10,39,23,183,49,26,170
2020-08-11,39,23,183,49,26,170
2020-08-12,39,23,183,49,26,170
2020-08-13,39,23,183,49,26,170
2020-08-14,39,23,183,49,26,170
2020-08-15,39,23,183,49,26,170
2020-08-16,39,23,183,49,26,170
2020-08-17,39,23,183,49,26,170
2020-08-18,39,23,183,49,26,170
2020-08-19,39,23,183,49,26,170
2020-08-20,39,23,183,49,26,170
2020-08-21,39,23,183,49,26,170
2020-08-22,39,23,183,49,26,170
2020-08-23,39,23,183,49,26,170
2020-08-24,39,23,183,49,26,170
2020-08-25,39,23,183,49,26,170
2020-08-26,39,23,183,49,26,170
2020-08-27,39,23,183,49,26,170
2020-08-28,39,23,183,49,26,170
2020-08-29,39,23,183,49,26,170
2020-08-30,39,23,183,49,26,170
2020-08-31,39,23,183,49,26,170
2020-09-01,39,23,183,49,26,170
2020-09-02,39,23,183,49,26,170
2020-09-03,39,23,183,49,26,170
2020-09-04,39,23,183,49,26,170
2020-09-05,39,23,183,49,26,170
2020-09-06,39,23,183,49,26,170
2020-09-07,39,23,183,49,26,170
2020-09-08,39,23,183,49,26,170
2020-09-09,39,23,183,49,26,170
2020-09-10,39,23,183,49,26,170
2020-09-11,39,23,183,49,26,170
2020-09-12,39,23,183,49,26,170
2020-09-13,39,23,183,49,26,170
2020-09-14,39,23,183,49,26,170
2020-09-15,39,23,183,49,26,170
2020-09-16,39,23,183,49,26,170
2020-09-17,39,23,183,49,26,170
2020-09-18,39,23,183,49,26,170
2020-09-19,39,23,183,49,26,170
2020-09-20,39,23,183,49,26,170
2020-09-21,39,23,183,49,26,170
2020-09-22,39,23,183,49,26,170
2020-09-23,39,23,183,49,26,170
2020-09-24,39,23,183,49,26,170
2020-09-25,39,23,183,49,26,170
2020-09-26,39,23,183,49,26,170
2020-09-27,39,23,183,49,26,170
2020-09-28,39,23,183,49,26,170
2020-09-29,39,23,183,49,26,170
2020-09-30,39,23,183,49,26,170
2020-10-01,39,23,183,49,26,170
2020-10-02,39,23,183,49,26,170
2020-10-03,39,23,183,49,26,170
2020-10-04,39,23,183,49,26,170
2020-10-05,39,23,183,49,26,170
2020-10-06,39,23,183,49,26,170
2020-10-07,39,23,183,49,26,170
2020-10-08,39,23,183,49,26,170
2020-10-09,39,23,183,49,26,170
2020-10-10,39,23,183,49,26,170
2020-10-11,39,23,183,49,26,170
2020-10-12,39,23,183,49,26,170
2020-10-13,39,23,183,49,26,170
2020-10-14,39,23,183,49,26,170
2020-10-15,39,23,183,49,26,170
2020-10-16,39,23,183,49,26,170
2020-10-17,39,23,183,49,26,170
2020-10-18,39,23,183,49,26,170
2020-10-19,39,23,183,49,26,170
2020-10-20,39,23,183,49,26,170
2020-10-21,39,23,183,49,26,170
2020-10-22,39,23,183,49,26,170
2020-10-23,39,23,183,49,26,170
2020-10-24,39,23,183,49,26,170
2020-10-25,39,23,183,49,26,170
2020-10-26,39,23,183,49,26,170
2020-10-27,39,23,183,49,26,170
2020-10-28,39,23,183,49,26,170
2020-10-29,39,23,183,49,26,170
2020-10-30,39,23,183,49,26,170
2020-10-31,39,23,183,49,26,170
2020-11-01,39,23,183,49,26,170
2020-11-02,39,23,183,49,26,170
2020-11-03,39,23,183,49,26,170
2020-11-04,39,23,183,49,26,170
2020-11-05,39,23,183,49,26,170
2020-11-06,39,23,183,49,26,170
2020-11-07,39,23,183,49,26,170
2020-11-08,39,23,183,49,26,170
2020-11-09,39,23,183,49,26,170
2020-11-10,39,23,183,49,26,170
2020-11-11,39,23,183,49,26,170
2020-11-12,39,23,183,49,26,170
2020-11-13,39,23,183,49,26,170
2020-11-14,39,23,183,49,26,170
2020-11-15,39,23,183,49,26,170
2020-11-16,39,23,183,49,26,170
2020-11-17,39,23,183,49,26,170
2020-11-18,39,23,183,49,26,170
2020-11-19,39,23,183,49,26,170
2020-11-20,39,23,183,49,26,170
2020-11-21,39,23,183,49,26,170
2020-11-22,39,23,183,49,26,170
2020-11-23,39,23,183,49,26,170
2020-11-24,39,23,183,49,26,170
2020-11-25,39,23,183,49,26,170
2020-11-26,40,21,184,50,24,171
2020-11-27,40,21,184,50,24,171
2020-11-28,40,21,184,50,24,171
2020-11-29,40,21,184,50,24,171
2020-11-30,40,21,184,50,24,171
2020-12-01,40,21,184,50,24,171
2020-12-02,40,21,184,50,24,171
2020-12-03,40,21,184,50,24,171
2020-12-04,40,21,184,50,24,171
2020-12-05,40,21,184,50,24,171
2020-12-06,40,21,184,50,24,171
2020-12-07,40,21,184,50,24,171
2020-12-08,40,21,184,50,24,171
2020-12-09,40,21,184,50,24,171
2020-12-10,40,21,184,50,24,171
2020-12-11,40,21,184,50,24,171
2020-12-12,40,21,184,50,24,171
2020-12-13,40,21,184,50,24,171
2020-12-14,40,21,184,50,24,171
2020-12-15,40,21,184,50,24,171
2020-12-16,40,21,184,50,24,171
2020-12-17,40,21,184,50,24,171
2020-12-18,40,21,184,50,24,171
2020-12-19,40,21,184,50,24,171
2020-12-20,40,21,184,50,24,171
2020-12-21,40,21,184,50,24,171
2020-12-22,40,21,184,50,24,171
2020-12-23,40,21,184,50,24,171
2020-12-24,40,21,184,50,24,171
2020-12-25,40,21,184,50,24,171
2020-12-26,40,21,184,50,24,171
2020-12-27,40,21,184,50,24,171
2020-12-28,40,21,184,50,24,171
2020-12-29,40,21,184,50,24,171
2020-12-30,40,21,184,50,24,171
2020-12-31,40,21,184,50,24,171
2021-01-01,40,21,184,50,24,171
2021-01-02,40,21,184,50,24,171
2021-01-03,40,21,184,50,24,171
2021-01-04,40,21,184,50,24,171
2021-01-05,40,21,184,50,24,171
2021-01-06,40,21,184,50,24,171
2021-01-07,40,21,184,50,24,171
2021-01-08,40,21,184,50,24,171
2021-01-09,40,21,184,50,24,171
2021-01-10,40,21,184,50,24,171
2021-01-11,40,21,184,50,24,171
2021-01-12,40,21,184,50,24,171
2021-01-13,40,21,184,50,24,171
2021-01-14,40,21,184,50,24,171
2021-01-15,40,21,184,50,24,171
2021-01-16,40,21,184,50,24,171
2021-01-17,40,21,184,50,24,171
2021-01-18,40,21,184,50,24,171
2021-01-19,40,21,184,50,24,171
2021-01-20,40,21,184,50,24,171
2021-01-21,40,21,184,50,24,171
2021-01-22,40,21,184,50,24,171
2021-01-23,40,21,184,50,24,171
2021-01-24,40,21,184,50,24,171
2021-01-25,40,21,184,50,24,171
2021-01-26,40,21,184,50,24,171
2021-01-27,40,21,184,50,24,171
2021-01-28,40,21,184,50,24,171
2021-01-29,40,21,184,50,24,171
2021-01-30,40,21,184,50,24,171
2021-01-31,40,21,184,50,24,171
2021-02-01,40,21,184,50,24,171
2021-02-02,40,21,184,50,24,171
2021-02-03,40,21,184,50,24,171
2021-02-04,40,21,184,50,24,171
2021-02-05,40,21,184,50,24,171
2021-02-06,40,21,184,50,24,171
2021-02-07,40,21,184,50,24,171
2021-02-08,40,21,184,50,24,171
2021-02-09,40,21,184,50,24,171
2021-02-10,40,21,184,50,24,171
2021-02-11,38,21,186,48,24,173
2021-02-12,38,21,186,48,24,173
2021-02-13,38,21,186,48,24,173
2021-02-14,38,21,186,48,24,173
2021-02-15,38,21,186,48,24,173
2021-02-16,37,20,188,47,23,175
2021-02-17,37,20,188,47,23,175
2021-02-18,37,20,188,47,23,175
2021-02-19,37,20,188,47,23,175
2021-02-20,37,20,188,47,23,175
2021-02-21,37,20,188,47,23,175
2021-02-22,37,20,188,47,23,175
2021-02-23,37,20,188,47,23,175
2021-02-24,37,20,188,47,23,175
2021-02-25,37,20,188,47,23,175
2021-02-26,37,20,188,47,23,175
2021-02-27,37,20,188,47,23,175
2021-02-28,37,20,188,47,23,175
2021-03-01,37,20,188,47,23,175
2021-03-02,37,20,188,47,23,175
2021-03-03,37,20,188,47,23,175
2021-03-04,37,20,188,47,23,175
2021-03-05,37,20,188,47,23,175
2021-03-06,37,20,188,47,23,175
2021-03-07,37,20,188,47,23,175
2021-03-08,37,20,188,47,23,175
2021-03-09,37,20,188,47,23,175
2021-03-10,37,20,188,47,23,175
2021-03-11,37,20,188,47,23,175
2021-03-12,37,20,188,47,23,175
2021-03-13,37,20,188,47,23,175
2021-03-14,37,20,188,47,23,175
2021-03-15,37,20,188,47,23,175
2021-03-16,37,20,188,47,23,175
2021-03-17,37,20,188,47,23,175
2021-03-18,37,20,188,47,23,175
2021-03-19,37,20,188,47,23,175
2021-03-20,37,20,188,47,23,175
2021-03-21,37,20,188,47,23,175
2021-03-22,37,20,188,47,23,175
2021-03-23,37,20,188,47,23,175
2021-03-24,37,20,188,47,23,175
2021-03-25,37,20,188,47,23,175
2021-03-26,37,20,188,47,23,175
2021-03-27,37,20,188,47,23,175
2021-03-28,37,20,188,47,23,175
2021-03-29,37,20,188,47,23,175
2021-03-30,37,20,188,47,23,175
2021-03-31,37,20,188,47,23,175
2021-04-01,37,20,188,47,23,175
2021-04-02,37,20,188,47,23,175
2021-04-03,37,20,188,47,23,175
2021-04-04,37,20,188,47,23,175
2021-04-05,37,20,188,47,23,175
2021-04-06,37,20,188,47,23,175
2021-04-07,37,20,188,47,23,175
2021-04-08,37,20,188,47,23,175
2021-04-09,37,20,188,47,23,175
2021-04-10,37,20,188,47,23,175
2021-04-11,37,20,188,47,23,175
2021-04-12,37,20,188,47,23,175
2021-04-13,37,20,188,47,23,175
2021-04-14,37,20,188,47,23,175
2021-04-15,37,20,188,47,23,175
2021-04-16,37,20,188,47,23,175
2021-04-17,37,20,188,47,23,175
2021-04-18,37,20,188,47,23,175
2021-04-19,37,20,188,47,23,175
2021-04-20,37,20,188,47,23,175
2021-04-21,37,20,188,47,23,175
2021-04-22,37,18,190,47,21,177
2021-04-23,37,18,190,47,21,177
2021-04-24,37,18,190,47,21,177
2021-04-25,37,18,190,47,21,177
2021-04-26,37,18,190,47,21,177
2021-04-27,37,18,190,47,21,177
2021-04-28,37,18,190,47,21,177
2021-04-29,37,18,190,47,21,177
2021-04-30,37,18,190,47,21,177
2021-05-01,37,18,190,47,21,177
2021-05-02,37,18,190,47,21,177
2021-05-03,37,18,190,47,21,177
2021-05-04,37,18,190,47,21,177
2021-05-05,37,18,190,47,21,177
2021-05-06,37,18,190,47,21,177
2021-05-07,37,18,190,47,21,177
2021-05-08,37,18,190,47,21,177
2021-05-09,37,18,190,47,21,177
2021-05-10,37,18,190,47,21,177
2021-05-11,37,18,190,47,21,177
2021-05-12,37,18,190,47,21,177
2021-05-13,37,18,190,47,21,177
2021-05-14,37,18,190,47,21,177
2021-05-15,37,18,190,47,21,177
2021-05-16,37,18,190,47,21,177
2021-05-17,37,18,190,47,21,177
2021-05-18,37,18,190,47,21,177
2021-05-19,37,18,190,47,21,177
2021-05-20,37,18,190,47,21,177
2021-05-21,37,18,190,47,21,177
2021-05-22,37,18,190,47,21,177
2021-05-23,37,18,190,47,21,177
2021-05-24,37,18,190,47,21,177
2021-05-25,37,18,190,47,21,177
2021-05-26,37,18,190,47,21,177
2021-05-27,37,18,190,47,21,177
2021-05-28,37,18,190,47,21,177
2021-05-29,37,18,190,47,21,177
2021-05-30,37,18,190,47,21,177
2021-05-31,37,18,190,47,21,177
2021-06-01,37,18,190,47,21,177
2021-06-02,35,18,192,47,21,177
2021-06-03,35,18,192,47,21,177
2021-06-04,35,18,192,47,21,177
2021-06-05,35,18,192,47,21,177
2021-06-06,35,18,192,47,21,177
2021-06-07,35,18,192,47,21,177
2021-06-08,35,18,192,47,21,177
2021-06-09,35,18,192,47,21,177
2021-06-10,35,18,192,47,21,177
2021-06-11,35,18,192,47,21,177
2021-06-12,35,18,192,47,21,177
2021-06-13,35,18,192,47,21,177
2021-06-14,35,18,192,47,21,177
2021-06-15,35,18,192,47,21,177
2021-06-16,35,18,192,47,21,177
2021-06-17,35,18,192,47,21,177
2021-06-18,35,18,192,47,21,177
2021-06-19,35,18,192,47,21,177
2021-06-20,35,18,192,47,21,177
2021-06-21,35,18,192,47,21,177
2021-06-22,35,18,192,47,21,177
2021-06-23,35,18,192,47,21,177
2021-06-24,35,18,192,47,21,177
2021-06-25,35,18,192,47,21,177
2021-06-26,35,18,192,47,21,177
2021-06-27,35,18,192,47,21,177
2021-06-28,35,18,192,47,21,177
2021-06-29,35,18,192,47,21,177
2021-06-30,35,18,192,47,21,177
2021-07-01,35,18,192,47,21,177
2021-07-02,35,18,192,47,21,177
2021-07-03,35,18,192,47,21,177
2021-07-04,35,18,192,47,21,177
2021-07-05,35,18,192,47,21,177
2021-07-06,35,18,192,47,21,177
2021-07-07,35,18,192,47,21,177
2021-07-08,35,18,192,47,21,177
2021-07-09,35,18,192,47,21,177
2021-07-10,35,18,192,47,21,177
2021-07-11,35,18,192,47,21,177
2021-07-12,35,18,192,47,21,177
2021-07-13,35,18,192,47,21,177
2021-07-14,35,18,192,47,21,177
2021-07-15,35,18,192,47,21,177
2021-07-16,35,18,192,47,21,177
2021-07-17,35,18,192,47,21,177
2021-07-18,35,18,192,47,21,177
2021-07-19,35,18,192,47,21,177
2021-07-20,35,18,192,47,21,177
2021-07-21,35,18,192,47,21,177
2021-07-22,35,18,192,47,21,177
2021-07-23,35,18,192,47,21,177
2021-07-24,35,18,192,47,21,177
2021-07-25,35,18,192,47,21,177
2021-07-26,35,18,192,47,21,177
2021-07-27,35,18,192,47,21,177
2021-07-28,35,18,192,47,21,177
2021-07-29,35,18,192,47,21,177
2021-07-30,35,18,192,47,21,177
2021-07-31,35,18,192,47,21,177
2021-08-01,35,18,192,47,21,177
2021-08-02,35,18,192,47,21,177
2021-08-03,35,18,192,47,21,177
2021-08-04,35,18,192,47,21,177
2021-08-05,35,18,192,47,21,177
2021-08-06,35,18,192,47,21,177
2021-08-07,35,18,192,47,21,177
2021-08-08,35,18,192,47,21,177
2021-08-09,35,18,192,47,21,177
2021-08-10,35,18,192,47,21,177
2021-08-11,35,18,192,47,21,177
2021-08-12,35,18,192,47,21,177
2021-08-13,35,18,192,47,21,177
2021-08-14,35,18,192,47,21,177
2021-08-15,35,18,192,47,21,177
2021-08-16,35,18,192,47,21,177
2021-08-17,35,18,192,47,21,177
2021-08-18,35,18,192,47,21,177
2021-08-19,35,18,192,47,21,177
2021-08-20,35,18,192,47,21,177
2021-08-21,35,18,192,47,21,177
2021-08-22,35,18,192,47,21,177
2021-08-23,35,18,192,47,21,177
2021-08-24,35,18,192,47,21,177
2021-08-25,35,18,192,47,21,177
2021-08-26,35,18,192,47,21,177
2021-08-27,35,18,192,47,21,177
2021-08-28,35,18,192,47,21,177
2021-08-29,35,18,192,47,21,177
2021-08-30,35,18,192,47,21,177
2021-08-31,35,18,192,47,21,177
2021-09-01,35,18,192,47,21,177
2021-09-02,35,18,192,47,21,177
2021-09-03,35,18,192,47,21,177
2021-09-04,35,18,192,47,21,177
2021-09-05,35,18,192,47,21,177
2021-09-06,35,18,192,47,21,177
2021-09-07,35,18,192,47,21,177
2021-09-08,35,18,192,47,21,177
2021-09-09,35,18,192,47,21,177
2021-09-10,35,18,192,47,21,177
2021-09-11,35,18,192,47,21,177
2021-09-12,35,18,192,47,21,177
2021-09-13,35,18,192,47,21,177
2021-09-14,35,18,192,47,21,177
2021-09-15,35,18,192,47,21,177
2021-09-16,35,18,192,47,21,177
2021-09-17,35,18,192,47,21,177
2021-09-18,35,18,192,47,21,177
2021-09-19,35,18,192,47,21,177
2021-09-20,35,18,192,47,21,177
2021-09-21,35,18,192,47,21,177
2021-09-22,35,18,192,47,21,177
2021-09-23,35,18,192,47,21,177
2021-09-24,35,18,192,47,21,177
2021-09-25,35,18,192,47,21,177
2021-09-26,35,18,192,47,21,177
2021-09-27,35,18,192,47,21,177
2021-09-28,35,18,192,47,21,177
2021-09-29,35,18,192,47,21,177
2021-09-30,35,18,192,47,21,177
2021-10-01,35,18,192,47,21,177
2021-10-02,35,18,192,47,21,177
2021-10-03,35,18,192,47,21,177
2021-10-04,35,18,192,47,21,177
2021-10-05,35,18,192,47,21,177
2021-10-06,35,18,192,47,21,177
2021-10-07,35,18,192,47,22,176
2021-10-08,35,18,192,47,22,176
2021-10-09,35,18,192,47,22,176
2021-10-10,35,18,192,47,22,176
2021-10-11,35,18,192,47,22,176
2021-10-12,35,18,192,47,22,176
2021-10-13,35,18,192,47,22,176
2021-10-14,35,18,192,47,22,176
2021-10-15,35,18,192,47,22,176
2021-10-16,35,18,192,47,22,176
2021-10-17,35,18,192,47,22,176
2021-10-18,35,18,192,47,22,176
2021-10-19,35,18,192,47,22,176
2021-10-20,35,18,192,47,22,176
2021-10-21,35,18,192,47,22,176
2021-10-22,35,18,192,47,22,176
2021-10-23,35,18,192,47,22,176
2021-10-24,35,18,192,47,22,176
2021-10-25,35,18,192,47,22,176
2021-10-26,35,18,192,47,22,176
2021-10-27,35,18,192,47,22,176
2021-10-28,35,18,192,47,22,176
2021-10-29,35,18,192,47,22,176
2021-10-30,35,18,192,47,22,176
2021-10-31,35,18,192,47,22,176
2021-11-01,35,18,192,47,22,176
2021-11-02,35,18,192,47,22,176
2021-11-03,35,18,192,47,22,176
2021-11-04,35,18,192,47,22,176
2021-11-05,35,18,192,47,22,176
2021-11-06,35,18,192,47,22,176
2021-11-07,35,18,192,47,22,176
2021-11-08,35,18,192,47,22,176
2021-11-09,35,18,192,47,22,176
2021-11-10,35,18,192,47,22,176
2021-11-11,35,18,192,47,22,176
2021-11-12,35,18,192,47,22,176
2021-11-13,35,18,192,47,22,176
2021-11-14,35,18,192,47,22,176
2021-11-15,35,18,192,47,22,176
2021-11-16,35,18,192,47,22,176
2021-11-17,35,18,192,47,22,176
2021-11-18,35,18,192,47,22,176
2021-11-19,35,18,192,47,22,176
2021-11-20,35,18,192,47,22,176
2021-11-21,35,18,192,47,22,176
2021-11-22,35,18,192,47,22,176
2021-11-23,35,18,192,47,22,176
2021-11-24,35,18,192,47,22,176
2021-11-25,35,18,192,47,22,176
2021-11-26,35,18,192,47,22,176
2021-11-27,35,18,192,47,22,176
2021-11-28,35,18,192,47,22,176
2021-11-29,35,18,192,47,22,176
2021-11-30,35,18,192,47,22,176
2021-12-01,35,18,192,47,22,176
2021-12-02,35,18,192,47,22,176
2021-12-03,35,18,192,47,22,176
2021-12-04,35,18,192,47,22,176
2021-12-05,35,18,192,47,22,176
2021-12-06,35,18,192,47,22,176
2021-12-07,35,18,192,47,22,176
2021-12-08,35,18,192,47,22,176
2021-12-09,35,18,192,47,22,176
2021-12-10,35,18,192,47,22,176
2021-12-11,35,18,192,47,22,176
2021-12-12,35,18,192,47,22,176
2021-12-13,35,18,192,47,22,176
2021-12-14,35,18,192,47,22,176
2021-12-15,35,18,192,47,22,176
2021-12-16,35,18,192,47,22,176
2021-12-17,35,18,192,47,22,176
2021-12-18,35,18,192,47,22,176
2021-12-19,35,18,192,47,22,176
2021-12-20,35,18,192,47,22,176
2021-12-21,35,18,192,47,22,176
2021-12-22,35,18,192,47,22,176
2021-12-23,35,18,192,47,22,176
2021-12-24,35,18,192,47,22,176
2021-12-25,35,18,192,47,22,176
2021-12-26,35,18,192,47,22,176
2021-12-27,35,18,192,47,22,176
2021-12-28,35,18,192,47,22,176
2021-12-29,35,18,192,47,22,176
2021-12-30,35,18,192,47,22,176
2021-12-31,35,18,192,47,22,176
2022-01-01,35,18,192,47,22,176
2022-01-02,35,18,192,47,22,176
2022-01-03,35,18,192,47,22,176
2022-01-04,35,18,192,47,22,176
2022-01-05,35,18,192,47,22,176
2022-01-06,35,18,192,47,22,176
2022-01-07,35,18,192,47,22,176
2022-01-08,35,18,192,47,22,176
2022-01-09,35,18,192,47,22,176
2022-01-10,35,18,192,47,22,176
2022-01-11,35,18,192,47,22,176
2022-01-12,35,18,192,47,22,176
2022-01-13,35,18,192,47,22,176
2022-01-14,35,18,192,47,22,176
2022-01-15,35,18,192,47,22,176
2022-01-16,35,18,192,47,22,176
2022-01-17,35,18,192,47,22,176
2022-01-18,35,18,192,47,22,176
2022-01-19,35,18,192,47,22,176
2022-01-20,35,18,192,47,22,176
2022-01-21,35,18,192,47,22,176
2022-01-22,35,18,192,47,22,176
2022-01-23,35,18,192,47,22,176
2022-01-24,35,18,192,47,22,176
2022-01-25,35,18,192,47,22,176
2022-01-26,35,18,192,47,22,176
2022-01-27,35,18,192,47,22,176
2022-01-28,35,18,192,47,22,176
2022-01-29,35,18,192,47,22,176
2022-01-30,35,18,192,47,22,176
2022-01-31,35,18,192,47,22,176
2022-02-01,35,18,192,47,22,176
2022-02-02,35,18,192,47,22,176
2022-02-03,35,18,192,47,22,176
2022-02-04,35,18,192,47,22,176
2022-02-05,35,18,192,47,22,176
2022-02-06,35,18,192,47,22,176
2022-02-07,35,18,192,47,22,176
2022-02-08,35,18,192,47,22,176
2022-02-09,35,18,192,47,22,176
2022-02-10,35,18,192,47,22,176
2022-02-11,35,18,192,47,22,176
2022-02-12,35,18,192,47,22,176
2022-02-13,35,18,192,47,22,176
2022-02-14,35,18,192,47,22,176
2022-02-15,35,18,192,47,22,176
2022-02-16,35,18,192,47,22,176
2022-02-17,35,18,192,47,22,176
2022-02-18,35,18,192,47,22,176
2022-02-19,35,18,192,47,22,176
2022-02-20,35,18,192,47,22,176
2022-02-21,35,18,192,47,22,176
2022-02-22,35,18,192,47,22,176
2022-02-23,35,18,192,47,22,176
2022-02-24,35,18,192,47,22,176
2022-02-25,35,18,192,47,22,176
2022-02-26,35,18,192,47,22,176
2022-02-27,35,18,192,47,22,176
2022-02-28,35,18,192,47,22,176
2022-03-01,35,18,192,47,22,176
2022-03-02,35,18,192,47,22,176
2022-03-03,35,18,192,47,22,176
2022-03-04,35,18,192,47,22,176
2022-03-05,35,18,192,47,22,176
2022-03-06,35,18,192,47,22,176
2022-03-07,35,18,192,47,22,176
2022-03-08,35,18,192,47,22,176
2022-03-09,35,18,192,47,22,176
2022-03-10,35,18,192,47,22,176
2022-03-11,35,18,192,47,22,176
2022-03-12,35,18,192,47,22,176
2022-03-13,35,18,192,47,22,176
2022-03-14,35,18,192,47,22,176
2022-03-15,35,18,192,47,22,176
2022-03-16,35,18,192,47,22,176
2022-03-17,35,18,192,47,22,176
2022-03-18,35,18,192,47,22,176
2022-03-19,35,18,192,47,22,176
2022-03-20,35,18,192,47,22,176
2022-03-21,34,18,193,47,22,176
2022-03-22,34,18,193,47,22,176
2022-03-23,34,18,193,47,22,176
2022-03-24,32,18,195,47,22,176
2022-03-25,32,18,195,47,22,176
2022-03-26,32,18,195,47,22,176
2022-03-27,32,18,195,47,22,176
2022-03-28,32,18,195,47,22,176
2022-03-29,32,18,195,47,22,176
2022-03-30,32,18,195,47,22,176
2022-03-31,32,18,195,47,22,176
2022-04-01,32,18,195,47,22,176
2022-04-02,32,18,195,47,22,176
2022-04-03,30,14,201,48,19,178
2022-04-04,30,14,201,48,19,178
2022-04-05,30,14,201,48,19,178
2022-04-06,30,14,201,48,19,178
2022-04-07,30,14,201,48,19,178
2022-04-08,30,14,201,48,19,178
2022-04-09,30,14,201,48,19,178
2022-04-10,27,12,206,45,17,183
2022-04-11,27,12,206,45,17,183
2022-04-12,27,12,206,45,17,183
2022-04-13,27,12,206,45,17,183
2022-04-14,27,12,206,45,17,183
2022-04-15,27,12,206,45,17,183
2022-04-16,27,12,206,45,17,183
2022-04-17,27,12,206,45,17,183
2022-04-18,27,12,206,45,17,183
2022-04-19,27,12,206,45,17,183
2022-04-20,27,12,206,45,17,183
2022-04-21,27,12,206,45,17,183
2022-04-22,27,12,206,45,17,183
2022-04-23,27,12,206,45,17,183
2022-04-24,27,12,206,45,17,183
2022-04-25,24,12,209,42,17,186
2022-04-26,24,12,209,42,17,186
2022-04-27,24,12,209,42,17,186
2022-04-28,24,12,209,42,17,186
2022-04-29,24,12,209,42,17,186
2022-04-30,24,12,209,42,17,186
2022-05-01,24,12,209,42,17,186
2022-05-02,24,12,209,42,17,186
2022-05-03,24,12,209,42,17,186
2022-05-04,23,12,210,41,17,187
2022-05-05,23,12,210,41,17,187
2022-05-06,23,12,210,41,17,187
2022-05-07,23,12,210,41,17,187
2022-05-08,23,12,210,41,17,187
2022-05-09,23,12,210,41,17,187
2022-05-10,23,12,210,41,17,187
2022-05-11,23,12,210,41,17,187
2022-05-12,23,12,210,41,17,187
2022-05-13,23,12,210,41,17,187
2022-05-14,23,12,210,41,17,187
2022-05-15,23,12,210,41,17,187
2022-05-16,23,12,210,41,17,187
2022-05-17,23,12,210,41,17,187
2022-05-18,23,12,210,41,17,187
2022-05-19,23,12,210,41,17,187
2022-05-20,23,12,210,41,17,187
2022-05-21,23,12,210,41,17,187
2022-05-22,23,12,210,41,17,187
2022-05-23,23,12,210,41,17,187
2022-05-24,23,12,210,41,17,187
2022-05-25,23,12,210,41,17,187
2022-05-26,23,12,210,41,17,187
2022-05-27,23,12,210,41,17,187
2022-05-28,23,12,210,41,17,187
2022-05-29,23,12,210,41,17,187
2022-05-30,23,12,210,41,17,187
2022-05-31,23,12,210,41,17,187
2022-06-01,23,12,210,41,17,187
2022-06-02,23,12,210,41,17,187
2022-06-03,23,12,210,41,17,187
2022-06-04,23,12,210,41,17,187
2022-06-05,23,12,210,41,17,187
2022-06-06,23,12,210,41,17,187
2022-06-07,23,12,210,41,17,187
2022-06-08,23,12,210,41,17,187
2022-06-09,23,12,210,41,17,187
2022-06-10,23,12,210,41,17,187
2022-06-11,23,12,210,41,17,187
2022-06-12,23,12,210,41,17,187
2022-06-13,23,12,210,41,17,187
2022-06-14,23,12,210,41,17,187
2022-06-15,23,12,210,41,17,187
2022-06-16,23,12,210,41,17,187
2022-06-17,23,12,210,41,17,187
2022-06-18,23,12,210,41,17,187
2022-06-19,23,12,210,41,17,187
2022-06-20,23,12,210,41,17,187
2022-06-21,23,12,210,41,17,187
2022-06-22,20,12,213,38,17,190
2022-06-23,20,12,213,38,17,190
2022-06-24,20,12,213,38,17,190
2022-06-25,20,12,213,38,17,190
2022-06-26,20,12,213,38,17,190
2022-06-27,20,12,213,38,17,190
2022-06-28,20,12,213,38,17,190
2022-06-29,20,12,213,38,17,190
2022-06-30,17,8,220,35,13,197
2022-07-01,16,5,224,34,10,201
2022-07-02,16,5,224,34,10,201
2022-07-03,16,5,224,34,10,201
2022-07-04,16,5,224,34,10,201
2022-07-05,7,1,237,30,6,209
2022-07-06,7,1,237,30,6,209
2022-07-07,7,1,237,30,6,209
2022-07-08,2,1,242,25,6,214
2022-07-09,2,1,242,25,6,214
2022-07-10,2,1,242,25,6,214
2022-07-11,2,1,242,25,6,214
2022-07-12,2,1,242,25,6,214
2022-07-13,2,1,242,25,6,214
2022-07-14,2,1,242,25,6,214
2022-07-15,2,1,242,25,6,214
2022-07-16,2,1,242,25,6,214
2022-07-17,2,1,242,25,6,214
2022-07-18,2,1,242,25,6,214
2022-07-19,2,1,242,25,6,214
2022-07-20,2,1,242,25,6,214
2022-07-21,2,1,242,25,6,214
2022-07-22,2,1,242,25,6,214
2022-07-23,2,1,242,25,6,214
2022-07-24,2,1,242,25,6,214
2022-07-25,2,1,242,25,6,214
2022-07-26,2,1,242,25,6,214
2022-07-27,2,1,242,25,6,214
2022-07-28,2,1,242,25,6,214
2022-07-29,2,1,242,25,6,214
2022-07-30,2,1,242,25,6,214
2022-07-31,2,1,242,25,6,214
2022-08-01,2,1,242,25,6,214
2022-08-02,1,1,243,24,6,215
2022-08-03,1,1,243,24,6,215
2022-08-04,1,1,243,24,6,215
2022-08-05,1,1,243,24,6,215
2022-08-06,1,1,243,24,6,215
2022-08-07,1,1,243,24,6,215
2022-08-08,1,1,243,24,6,215
2022-08-09,1,1,243,24,6,215
2022-08-10,1,1,243,24,6,215
2022-08-11,1,1,243,24,6,215
2022-08-12,1,1,243,24,6,215
2022-08-13,1,1,243,24,6,215
2022-08-14,1,1,243,24,6,215
2022-08-15,1,1,243,24,6,215
2022-08-16,1,1,243,24,6,215
2022-08-17,1,1,243,24,6,215
2022-08-18,1,1,243,24,6,215
2022-08-19,1,1,243,24,6,215
2022-08-20,1,1,243,24,6,215
2022-08-21,1,1,243,24,6,215
2022-08-22,1,1,243,24,6,215
2022-08-23,1,1,243,24,6,215
2022-08-24,1,1,243,24,6,215
2022-08-25,1,1,243,24,6,215
2022-08-26,1,1,243,24,6,215
2022-08-27,1,1,243,24,6,215
2022-08-28,1,1,243,24,6,215
2022-08-29,1,1,243,24,6,215
2022-08-30,1,1,243,24,6,215
2022-08-31,1,1,243,24,6,215
2022-09-01,1,1,243,24,6,215
2022-09-02,1,1,243,24,6,215
2022-09-03,1,1,243,24,6,215
2022-09-04,1,1,243,24,6,215
2022-09-05,1,1,243,24,6,215
2022-09-06,1,1,243,24,6,215
2022-09-07,1,1,243,24,6,215
2022-09-08,1,1,243,24,6,215
2022-09-09,1,1,243,24,6,215
2022-09-10,1,1,243,24,6,215
2022-09-11,1,1,243,24,6,215
2022-09-12,1,1,243,24,6,215
2022-09-13,1,1,243,24,6,215
2022-09-14,1,1,243,24,6,215
2022-09-15,1,1,243,24,6,215
2022-09-16,1,1,243,24,6,215
2022-09-17,1,1,243,24,6,215
2022-09-18,1,1,243,24,6,215
2022-09-19,1,1,243,24,6,215
2022-09-20,1,1,243,24,6,215
2022-09-21,1,1,243,24,6,215
2022-09-22,1,1,243,24,6,215
2022-09-23,1,1,243,24,6,215
2022-09-24,1,1,243,24,6,215
2022-09-25,1,1,243,24,6,215
2022-09-26,1,1,243,24,6,215
2022-09-27,1,1,243,24,6,215
2022-09-28,1,1,243,24,6,215
2022-09-29,1,1,243,24,6,215
2022-09-30,1,1,243,24,6,215
2022-10-01,1,1,243,24,6,215
2022-10-02,1,1,243,24,6,215
2022-10-03,1,1,243,24,6,215
2022-10-04,1,1,243,24,6,215
2022-10-05,1,1,243,24,6,215
2022-10-06,1,1,243,24,6,215
2022-10-07,1,1,243,24,6,215
2022-10-08,1,1,243,24,6,215
2022-10-09,1,1,243,24,6,215
2022-10-10,1,1,243,24,6,215
2022-10-11,1,1,243,24,6,215
2022-10-12,1,1,243,24,6,215
2022-10-13,1,1,243,24,6,215
2022-10-14,1,1,243,24,6,215
2022-10-15,1,1,243,24,6,215
2022-10-16,1,1,243,24,6,215
2022-10-17,1,1,243,24,6,215
2022-10-18,1,1,243,24,6,215
2022-10-19,1,1,243,24,6,215
2022-10-20,1,1,243,24,6,215
2022-10-21,1,1,243,24,6,215
2022-10-22,1,1,243,24,6,215
2022-10-23,1,1,243,24,6,215
2022-10-24,1,1,243,24,6,215
2022-10-25,1,1,243,24,6,215
2022-10-26,1,1,243,24,6,215
2022-10-27,1,1,243,24,6,215
2022-10-28,1,1,243,24,6,215
2022-10-29,1,1,243,24,6,215
2022-10-30,1,1,243,24,6,215
2022-10-31,1,1,243,24,6,215
2022-11-01,1,1,243,24,6,215
2022-11-02,1,1,243,24,6,215
2022-11-03,1,1,243,24,6,215
2022-11-04,1,1,243,24,6,215
2022-11-05,1,1,243,24,6,215
2022-11-06,1,1,243,24,6,215
2022-11-07,1,1,243,24,6,215
2022-11-08,1,1,243,24,6,215
2022-11-09,1,1,243,24,6,215
2022-11-10,1,1,243,24,6,215
2022-11-11,1,1,243,24,6,215
2022-11-12,1,1,243,24,6,215
2022-11-13,1,1,243,24,6,215
2022-11-14,1,1,243,24,6,215
2022-11-15,1,1,243,24,6,215
2022-11-16,1,1,243,24,6,215
2022-11-17,1,1,243,24,6,215
2022-11-18,1,1,243,24,6,215
2022-11-19,1,1,243,24,6,215
2022-11-20,1,1,243,24,6,215
2022-11-21,1,1,243,24,6,215
2022-11-22,1,1,243,24,6,215
2022-11-23,1,1,243,24,6,215
2022-11-24,1,1,243,24,6,215
2022-11-25,1,1,243,24,6,215
2022-11-26,1,1,243,24,6,215
2022-11-27,1,1,243,24,6,215
2022-11-28,1,1,243,24,6,215
2022-11-29,1,1,243,24,6,215
2022-11-30,1,1,243,24,6,215
2022-12-01,1,1,243,24,6,215
2022-12-02,1,1,243,24,6,215
2022-12-03,1,1,243,24,6,215
2022-12-04,1,1,243,24,6,215
2022-12-05,1,1,243,24,6,215
2022-12-06,1,1,243,24,6,215
2022-12-07,1,1,243,24,6,215
2022-12-08,1,1,243,24,6,215
2022-12-09,1,1,243,24,6,215
2022-12-10,1,1,243,24,6,215
2022-12-11,1,1,243,24,6,215
2022-12-12,1,1,243,24,6,215
2022-12-13,1,1,243,24,6,215
2022-12-14,1,1,243,24,6,215
2022-12-15,1,1,243,24,6,215
2022-12-16,1,1,243,24,6,215
2022-12-17,1,1,243,24,6,215
2022-12-18,1,1,243,24,6,215
2022-12-19,1,1,243,24,6,215
2022-12-20,1,1,243,24,6,215
2022-12-21,1,1,243,24,6,215
2022-12-22,1,1,243,24,6,215
2022-12-23,1,1,243,24,6,215
2022-12-24,1,1,243,24,6,215
2022-12-25,1,1,243,24,6,215
2022-12-26,1,1,243,24,6,215
2022-12-27,1,1,243,24,6,215
2022-12-28,1,1,243,24,6,215
2022-12-29,1,1,243,24,6,215
2022-12-30,1,1,243,24,6,215
2022-12-31,1,1,243,24,6,215
2023-01-01,1,1,243,24,6,215
2023-01-02,1,1,243,24,6,215
2023-01-03,1,1,243,24,6,215
2023-01-04,1,1,243,24,6,215
2023-01-05,1,1,243,24,6,215
2023-01-06,1,1,243,24,6,215
2023-01-07,1,1,243,24,6,215
2023-01-08,1,1,243,24,6,215
2023-01-09,1,1,243,24,6,215
2023-01-10,1,1,243,24,6,215
2023-01-11,1,1,243,24,6,215
2023-01-12,1,1,243,24,6,215
2023-01-13,1,1,243,24,6,215
2023-01-14,1,1,243,24,6,215
2023-01-15,1,1,243,24,6,215
2023-01-16,1,1,243,24,6,215
2023-01-17,1,1,243,24,6,215
2023-01-18,1,1,243,24,6,215
2023-01-19,1,1,243,24,6,215
2023-01-20,1,1,243,24,6,215
2023-01-21,1,1,243,24,6,215
2023-01-22,1,1,243,24,6,215
2023-01-23,1,1,243,24,6,215
2023-01-24,1,1,243,24,6,215
2023-01-25,1,1,243,24,6,215
2023-01-26,1,1,243,24,6,215
2023-01-27,1,1,243,24,6,215
2023-01-28,1,1,243,24,6,215
2023-01-29,1,1,243,24,6,215
2023-01-30,1,1,243,24,6,215
2023-01-31,1,1,243,24,6,215
2023-02-01,1,1,243,24,6,215
2023-02-02,1,1,243,24,6,215
2023-02-03,1,1,243,24,6,215
2023-02-04,1,1,243,24,6,215
2023-02-05,1,1,243,24,6,215
2023-02-06,1,1,243,24,6,215
2023-02-07,1,1,243,24,6,215
2023-02-08,1,1,243,24,6,215
2023-02-09,1,1,243,24,6,215
2023-02-10,1,1,243,24,6,215
2023-02-11,1,1,243,24,6,215
2023-02-12,1,1,243,24,6,215
2023-02-13,1,1,243,24,6,215
2023-02-14,1,1,243,24,6,215
2023-02-15,1,1,243,24,6,215
2023-02-16,1,1,243,24,6,215
2023-02-17,1,1,243,24,6,215
2023-02-18,1,1,243,24,6,215
2023-02-19,1,1,243,24,6,215
2023-02-20,1,1,243,24,6,215
2023-02-21,1,1,243,24,6,215
2023-02-22,1,1,243,24,6,215
2023-02-23,1,1,243,24,6,215
2023-02-24,1,1,243,24,6,215
2023-02-25,1,1,243,24,6,215
2023-02-26,1,1,243,24,6,215
2023-02-27,1,1,243,24,6,215
2023-02-28,1,1,243,24,6,215
2023-03-01,1,1,243,24,6,215
2023-03-02,1,1,243,24,6,215
2023-03-03,1,1,243,24,6,215
2023-03-04,1,1,243,24,6,215
2023-03-05,1,1,243,24,6,215
2023-03-06,1,1,243,24,6,215
2023-03-07,1,1,243,24,6,215
2023-03-08,1,1,243,24,6,215
2023-03-09,1,1,243,24,6,215
2023-03-10,1,1,243,24,6,215
2023-03-11,1,1,243,24,6,215
2023-03-12,1,1,243,24,6,215
2023-03-13,1,1,243,24,6,215
2023-03-14,1,1,243,24,6,215
2023-03-15,1,1,243,24,6,215
2023-03-16,1,1,243,24,6,215
2023-03-17,1,1,243,24,6,215
2023-03-18,1,1,243,24,6,215
2023-03-19,1,1,243,24,6,215
2023-03-20,1,1,243,24,6,215
2023-03-21,1,1,243,24,6,215
2023-03-22,1,1,243,24,6,215
2023-03-23,1,1,243,24,6,215
2023-03-24,1,1,243,24,6,215
2023-03-25,1,1,243,24,6,215
2023-03-26,1,1,243,24,6,215
2023-03-27,1,1,243,24,6,215
2023-03-28,1,1,243,24,6,215
2023-03-29,1,1,243,24,6,215
2023-03-30,1,1,243,24,6,215
2023-03-31,1,1,243,24,6,215
2023-04-01,1,1,243,24,6,215
2023-04-02,1,1,243,24,6,215
2023-04-03,1,1,243,24,6,215
2023-04-04,1,1,243,24,6,215
2023-04-05,1,1,243,24,6,215
2023-04-06,1,1,243,24,6,215
2023-04-07,1,1,243,24,6,215
2023-04-08,1,1,243,24,6,215
2023-04-09,1,1,243,24,6,215
2023-04-10,1,1,243,24,6,215
2023-04-11,1,1,243,24,6,215
2023-04-12,1,1,243,24,6,215
2023-04-13,1,1,243,24,6,215
2023-04-14,1,1,243,24,6,215
2023-04-15,1,1,243,24,6,215
2023-04-16,1,1,243,24,6,215
2023-04-17,1,1,243,24,6,215
2023-04-18,1,1,243,24,6,215
2023-04-19,1,1,243,24,6,215
2023-04-20,1,1,243,24,6,215
2023-04-21,1,1,243,24,6,215
2023-04-22,1,1,243,24,6,215
2023-04-23,1,1,243,24,6,215
2023-04-24,1,1,243,24,6,215
2023-04-25,1,1,243,24,6,215
2023-04-26,1,1,243,24,6,215
2023-04-27,1,1,243,24,6,215
2023-04-28,1,1,243,24,6,215
2023-04-29,1,1,243,24,6,215
2023-04-30,1,1,243,24,6,215
2023-05-01,1,1,243,24,6,215
2023-05-02,1,1,243,24,6,215
2023-05-03,1,1,243,24,6,215
2023-05-04,1,1,243,24,6,215
2023-05-05,1,1,243,24,6,215
2023-05-06,1,1,243,24,6,215
2023-05-07,1,1,243,24,6,215
2023-05-08,1,1,243,24,6,215
2023-05-09,1,1,243,24,6,215
2023-05-10,1,1,243,24,6,215
2023-05-11,1,1,243,24,6,215
2023-05-12,1,1,243,24,6,215
2023-05-13,1,1,243,24,6,215
2023-05-14,1,1,243,24,6,215
2023-05-15,1,1,243,24,6,215
2023-05-16,1,1,243,24,6,215
2023-05-17,1,1,243,24,6,215
2023-05-18,1,1,243,24,6,215
2023-05-19,1,1,243,24,6,215
2023-05-20,1,1,243,24,6,215
2023-05-21,1,1,243,24,6,215
2023-05-22,1,1,243,24,6,215
2023-05-23,1,1,243,24,6,215
2023-05-24,1,1,243,24,6,215
2023-05-25,1,1,243,24,6,215
2023-05-26,1,1,243,24,6,215
2023-05-27,1,1,243,24,6,215
2023-05-28,1,1,243,24,6,215
2023-05-29,1,1,243,24,6,215
2023-05-30,1,1,243,24,6,215
2023-05-31,1,1,243,24,6,215
2023-06-01,1,1,243,24,6,215
2023-06-02,1,1,243,24,6,215
2023-06-03,1,1,243,24,6,215
2023-06-04,1,1,243,24,6,215
2023-06-05,1,1,243,24,6,215
2023-06-06,1,1,243,24,6,215
2023-06-07,1,1,243,24,6,215
2023-06-08,1,1,243,24,6,215
2023-06-09,1,1,243,24,6,215
2023-06-10,1,1,243,24,6,215
2023-06-11,1,1,243,24,6,215
2023-06-12,1,1,243,24,6,215
2023-06-13,1,1,243,24,6,215
2023-06-14,1,1,243,24,6,215
2023-06-15,1,1,243,24,6,215
2023-06-16,1,1,243,24,6,215
2023-06-17,1,1,243,24,6,215
2023-06-18,1,1,243,24,6,215
2023-06-19,1,1,243,24,6,215
2023-06-20,1,1,243,24,6,215
2023-06-21,1,1,243,24,6,215
2023-06-22,1,1,243,24,6,215
2023-06-23,1,1,243,24,6,215
2023-06-24,1,1,243,24,6,215
2023-06-25,1,1,243,24,6,215
2023-06-26,1,1,243,24,6,215
2023-06-27,1,1,243,24,6,215
2023-06-28,1,1,243,24,6,215
2023-06-29,1,1,243,24,6,215
2023-06-30,1,1,243,24,6,215
2023-07-01,1,1,243,24,6,215
2023-07-02,1,1,243,24,6,215
2023-07-03,1,1,243,24,6,215
2023-07-04,1,1,243,24,6,215
2023-07-05,1,1,243,24,6,215
2023-07-06,1,1,243,24,6,215
2023-07-07,1,1,243,24,6,215
2023-07-08,1,1,243,24,6,215
2023-07-09,1,1,243,24,6,215
2023-07-10,1,1,243,24,6,215
2023-07-11,1,1,243,24,6,215
2023-07-12,1,1,243,24,6,215
2023-07-13,1,1,243,24,6,215
2023-07-14,1,1,243,24,6,215
2023-07-15,1,1,243,24,6,215
2023-07-16,1,1,243,24,6,215
2023-07-17,1,1,243,24,6,215
2023-07-18,1,1,243,24,6,215
2023-07-19,1,1,243,24,6,215
2023-07-20,1,1,243,24,6,215
2023-07-21,1,1,243,24,6,215
2023-07-22,1,1,243,24,6,215
2023-07-23,1,1,243,24,6,215
2023-07-24,1,1,243,24,6,215
2023-07-25,1,1,243,24,6,215
2023-07-26,1,1,243,24,6,215
2023-07-27,1,1,243,24,6,215
2023-07-28,1,1,243,24,6,215
2023-07-29,0,1,244,23,6,216
2023-07-30,0,1,244,23,6,216
2023-07-31,0,1,244,23,6,216
2023-08-01,0,1,244,23,6,216
2023-08-02,0,1,244,23,6,216
2023-08-03,0,1,244,23,6,216
2023-08-04,0,1,244,23,6,216
2023-08-05,0,1,244,23,6,216
2023-08-06,0,1,244,23,6,216
2023-08-07,0,1,244,23,6,216
2023-08-08,0,1,244,23,6,216
2023-08-09,0,1,244,23,6,216
2023-08-10,0,1,244,23,6,216
2023-08-11,0,1,244,23,6,216
2023-08-12,0,1,244,23,6,216
2023-08-13,0,1,244,23,6,216
2023-08-14,0,1,244,23,6,216
2023-08-15,0,1,244,23,6,216
2023-08-16,0,1,244,23,6,216
2023-08-17,0,1,244,23,6,216
2023-08-18,0,1,244,23,6,216
2023-08-19,0,0,245,23,5,217
2023-08-20,0,0,245,23,5,217
2023-08-21,0,0,245,23,5,217
2023-08-22,0,0,245,23,5,217
2023-08-23,0,0,245,23,5,217
2023-08-24,0,0,245,23,5,217
2023-08-25,0,0,245,23,5,217
2023-08-26,0,0,245,23,5,217
2023-08-27,0,0,245,23,5,217
2023-08-28,0,0,245,23,5,217
2023-08-29,0,0,245,23,5,217
2023-08-30,0,0,245,23,5,217
2023-08-31,0,0,245,23,5,217
2023-09-01,0,0,245,23,5,217
2023-09-02,0,0,245,23,5,217
2023-09-03,0,0,245,23,5,217
2023-09-04,0,0,245,23,5,217
2023-09-05,0,0,245,23,5,217
2023-09-06,0,0,245,23,5,217
2023-09-07,0,0,245,23,5,217
2023-09-08,0,0,245,23,5,217
2023-09-09,0,0,245,23,5,217
2023-09-10,0,0,245,23,5,217
2023-09-11,0,0,245,23,5,217
2023-09-12,0,0,245,23,5,217
2023-09-13,0,0,245,23,5,217
2023-09-14,0,0,245,23,5,217
2023-09-15,0,0,245,23,5,217
2023-09-16,0,0,245,23,5,217
2023-09-17,0,0,245,23,5,217
2023-09-18,0,0,245,23,5,217
2023-09-19,0,0,245,23,5,217
2023-09-20,0,0,245,23,5,217
2023-09-21,0,0,245,23,5,217
2023-09-22,0,0,245,23,5,217
2023-09-23,0,0,245,23,5,217
2023-09-24,0,0,245,23,5,217
2023-09-25,0,0,245,23,5,217
2023-09-26,0,0,245,23,5,217
2023-09-27,0,0,245,23,5,217
2023-09-28,0,0,245,23,5,217
2023-09-29,0,0,245,23,5,217
2023-09-30,0,0,245,23,5,217
2023-10-01,0,0,245,23,5,217
2023-10-02,0,0,245,23,5,217
2023-10-03,0,0,245,23,5,217
2023-10-04,0,0,245,23,5,217
2023-10-05,0,0,245,23,5,217
2023-10-06,0,0,245,23,5,217
2023-10-07,0,0,245,23,5,217
2023-10-08,0,0,245,23,5,217
2023-10-09,0,0,245,23,5,217
2023-10-10,0,0,245,23,5,217
2023-10-11,0,0,245,23,5,217
2023-10-12,0,0,245,23,5,217
2023-10-13,0,0,245,23,5,217
2023-10-14,0,0,245,23,5,217
2023-10-15,0,0,245,23,5,217
2023-10-16,0,0,245,23,5,217
2023-10-17,0,0,245,23,5,217
2023-10-18,0,0,245,23,5,217
2023-10-19,0,0,245,23,5,217
2023-10-20,0,0,245,23,5,217
2023-10-21,0,0,245,23,5,217
2023-10-22,0,0,245,23,5,217
2023-10-23,0,0,245,23,5,217
2023-10-24,0,0,245,23,5,217
2023-10-25,0,0,245,23,5,217
2023-10-26,0,0,245,23,5,217
2023-10-27,0,0,245,23,5,217
2023-10-28,0,0,245,23,5,217
2023-10-29,0,0,245,23,5,217
2023-10-30,0,0,245,23,5,217
2023-10-31,0,0,245,23,5,217
2023-11-01,0,0,245,23,5,217
2023-11-02,0,0,245,23,5,217
2023-11-03,0,0,245,23,5,217
2023-11-04,0,0,245,23,5,217
2023-11-05,0,0,245,23,5,217
2023-11-06,0,0,245,23,5,217
2023-11-07,0,0,245,23,5,217
2023-11-08,0,0,245,23,5,217
2023-11-09,0,0,245,23,5,217
2023-11-10,0,0,245,23,5,217
2023-11-11,0,0,245,23,5,217
2023-11-12,0,0,245,23,5,217
2023-11-13,0,0,245,23,5,217
2023-11-14,0,0,245,23,5,217
2023-11-15,0,0,245,23,5,217
2023-11-16,0,0,245,23,5,217
2023-11-17,0,0,245,23,5,217
2023-11-18,0,0,245,23,5,217
2023-11-19,0,0,245,23,5,217
2023-11-20,0,0,245,23,5,217
2023-11-21,0,0,245,23,5,217
2023-11-22,0,0,245,23,5,217
2023-11-23,0,0,245,23,5,217
2023-11-24,0,0,245,23,5,217
2023-11-25,0,0,245,23,5,217
2023-11-26,0,0,245,23,5,217
2023-11-27,0,0,245,23,5,217
2023-11-28,0,0,245,23,5,217
2023-11-29,0,0,245,23,5,217
2023-11-30,0,0,245,23,5,217
2023-12-01,0,0,245,23,5,217
2023-12-02,0,0,245,23,5,217
2023-12-03,0,0,245,23,5,217
2023-12-04,0,0,245,23,5,217
2023-12-05,0,0,245,23,5,217
2023-12-06,0,0,245,23,5,217
2023-12-07,0,0,245,23,5,217
2023-12-08,0,0,245,23,5,217
2023-12-09,0,0,245,23,5,217
2023-12-10,0,0,245,23,5,217
2023-12-11,0,0,245,23,5,217
2023-12-12,0,0,245,23,5,217
2023-12-13,0,0,245,23,5,217
2023-12-14,0,0,245,23,5,217
2023-12-15,0,0,245,23,5,217
2023-12-16,0,0,245,23,5,217
2023-12-17,0,0,245,23,5,217
2023-12-18,0,0,245,23,5,217
2023-12-19,0,0,245,23,5,217
2023-12-20,0,0,245,23,5,217
2023-12-21,0,0,245,23,5,217
2023-12-22,0,0,245,23,5,217
2023-12-23,0,0,245,23,5,217
2023-12-24,0,0,245,23,5,217
2023-12-25,0,0,245,23,5,217
2023-12-26,0,0,245,23,5,217
2023-12-27,0,0,245,23,5,217
2023-12-28,0,0,245,23,5,217
2023-12-29,0,0,245,23,5,217
2023-12-30,0,0,245,23,5,217
2023-12-31,0,0,245,23,5,217
2024-01-01,0,0,245,23,5,217
2024-01-02,0,0,245,23,5,217
2024-01-03,0,0,245,23,5,217
2024-01-04,0,0,245,23,5,217
2024-01-05,0,0,245,23,5,217
2024-01-06,0,0,245,23,5,217
2024-01-07,0,0,245,23,5,217
2024-01-08,0,0,245,23,5,217
2024-01-09,0,0,245,23,5,217
2024-01-10,0,0,245,23,5,217
2024-01-11,0,0,245,23,5,217
2024-01-12,0,0,245,23,5,217
2024-01-13,0,0,245,23,5,217
2024-01-14,0,0,245,23,5,217
2024-01-15,0,0,245,23,5,217
2024-01-16,0,0,245,23,5,217
2024-01-17,0,0,245,23,5,217
2024-01-18,0,0,245,23,5,217
2024-01-19,0,0,245,23,5,217
2024-01-20,0,0,245,23,5,217
2024-01-21,0,0,245,23,5,217
2024-01-22,0,0,245,23,5,217
2024-01-23,0,0,245,23,5,217
2024-01-24,0,0,245,23,5,217
2024-01-25,0,0,245,23,5,217
2024-01-26,0,0,245,23,5,217
2024-01-27,0,0,245,23,5,217
2024-01-28,0,0,245,23,5,217
2024-01-29,0,0,245,23,5,217
2024-01-30,0,0,245,23,5,217
2024-01-31,0,0,245,23,5,217
2024-02-01,0,0,245,23,5,217
2024-02-02,0,0,245,23,5,217
2024-02-03,0,0,245,23,5,217
2024-02-04,0,0,245,23,5,217
2024-02-05,0,0,245,23,5,217
2024-02-06,0,0,245,23,5,217
2024-02-07,0,0,245,23,5,217
2024-02-08,0,0,245,23,5,217
2024-02-09,0,0,245,23,5,217
2024-02-10,0,0,245,23,5,217
2024-02-11,0,0,245,23,5,217
2024-02-12,0,0,245,23,5,217
2024-02-13,0,0,245,23,5,217
2024-02-14,0,0,245,23,5,217
2024-02-15,0,0,245,23,5,217
2024-02-16,0,0,245,23,5,217
2024-02-17,0,0,245,23,5,217
2024-02-18,0,0,245,23,5,217
2024-02-19,0,0,245,23,5,217
2024-02-20,0,0,245,23,5,217
2024-02-21,0,0,245,23,5,217
2024-02-22,0,0,245,23,5,217
2024-02-23,0,0,245,23,5,217
2024-02-24,0,0,245,23,5,217
2024-02-25,0,0,245,23,5,217
2024-02-26,0,0,245,23,5,217
2024-02-27,0,0,245,23,5,217
2024-02-28,0,0,245,23,5,217
2024-02-29,0,0,245,23,5,217
2024-03-01,0,0,245,23,5,217
2024-03-02,0,0,245,23,5,217
2024-03-03,0,0,245,23,5,217
2024-03-04,0,0,245,23,5,217
2024-03-05,0,0,245,23,5,217
2024-03-06,0,0,245,23,5,217
2024-03-07,0,0,245,23,5,217
2024-03-08,0,0,245,23,5,217
2024-03-09,0,0,245,23,5,217
2024-03-10,0,0,245,23,5,217
2024-03-11,0,0,245,23,5,217
2024-03-12,0,0,245,23,5,217
2024-03-13,0,0,245,23,5,217
2024-03-14,0,0,245,23,5,217
2024-03-15,0,0,245,23,5,217
2024-03-16,0,0,245,23,5,217
2024-03-17,0,0,245,23,5,217
2024-03-18,0,0,245,23,5,217
2024-03-19,0,0,245,23,5,217
2024-03-20,0,0,245,23,5,217
2024-03-21,0,0,245,23,5,217
2024-03-22,0,0,245,23,5,217
2024-03-23,0,0,245,23,5,217
2024-03-24,0,0,245,23,5,217
2024-03-25,0,0,245,23,5,217
2024-03-26,0,0,245,23,5,217
2024-03-27,0,0,245,23,5,217
2024-03-28,0,0,245,23,5,217
2024-03-29,0,0,245,23,5,217
2024-03-30,0,0,245,23,5,217
2024-03-31,0,0,245,23,5,217
2024-04-01,0,0,245,23,5,217
2024-04-02,0,0,245,23,5,217
2024-04-03,0,0,245,23,5,217
2024-04-04,0,0,245,23,5,217
2024-04-05,0,0,245,23,5,217
2024-04-06,0,0,245,23,5,217
2024-04-07,0,0,245,23,5,217
2024-04-08,0,0,245,23,5,217
2024-04-09,0,0,245,23,5,217
2024-04-10,0,0,245,23,5,217
2024-04-11,0,0,245,23,5,217
2024-04-12,0,0,245,23,5,217
2024-04-13,0,0,245,23,5,217
2024-04-14,0,0,245,23,5,217
2024-04-15,0,0,245,23,5,217
2024-04-16,0,0,245,23,5,217
2024-04-17,0,0,245,23,5,217
2024-04-18,0,0,245,23,5,217
2024-04-19,0,0,245,23,5,217
2024-04-20,0,0,245,23,5,217
2024-04-21,0,0,245,23,5,217
2024-04-22,0,0,245,23,5,217
2024-04-23,0,0,245,23,5,217
2024-04-24,0,0,245,23,5,217
2024-04-25,0,0,245,23,5,217
2024-04-26,0,0,245,23,5,217
2024-04-27,0,0,245,23,5,217
2024-04-28,0,0,245,23,5,217
2024-04-29,0,0,245,23,5,217
2024-04-30,0,0,245,23,5,217
2024-05-01,0,0,245,23,5,217
2024-05-02,0,0,245,23,5,217
2024-05-03,0,0,245,23,5,217
2024-05-04,0,0,245,23,5,217
2024-05-05,0,0,245,23,5,217
2024-05-06,0,0,245,23,5,217
2024-05-07,0,0,245,23,5,217
2024-05-08,0,0,245,23,5,217
2024-05-09,0,0,245,23,5,217
2024-05-10,0,0,245,23,5,217
2024-05-11,0,0,245,23,5,217
2024-05-12,0,0,245,23,5,217
2024-05-13,0,0,245,23,5,217
2024-05-14,0,0,245,23,5,217
2024-05-15,0,0,245,23,5,217
2024-05-16,0,0,245,23,5,217
2024-05-17,0,0,245,23,5,217
2024-05-18,0,0,245,23,5,217
2024-05-19,0,0,245,23,5,217
2024-05-20,0,0,245,23,5,217
2024-05-21,0,0,245,23,5,217
2024-05-22,0,0,245,23,5,217
2024-05-23,0,0,245,23,5,217
2024-05-24,0,0,245,23,5,217
2024-05-25,0,0,245,23,5,217
2024-05-26,0,0,245,23,5,217
2024-05-27,0,0,245,23,5,217
2024-05-28,0,0,245,23,5,217
2024-05-29,0,0,245,23,5,217
2024-05-30,0,0,245,23,5,217
2024-05-31,0,0,245,23,5,217
2024-06-01,0,0,245,23,5,217
2024-06-02,0,0,245,23,5,217
2024-06-03,0,0,245,23,5,217
2024-06-04,0,0,245,23,5,217
2024-06-05,0,0,245,23,5,217
2024-06-06,0,0,245,23,5,217
2024-06-07,0,0,245,23,5,217
2024-06-08,0,0,245,23,5,217
2024-06-09,0,0,245,23,5,217
2024-06-10,0,0,245,23,5,217
2024-06-11,0,0,245,23,5,217
2024-06-12,0,0,245,23,5,217
2024-06-13,0,0,245,23,5,217
2024-06-14,0,0,245,23,5,217
2024-06-15,0,0,245,23,5,217
2024-06-16,0,0,245,23,5,217
2024-06-17,0,0,245,23,5,217
2024-06-18,0,0,245,23,5,217
2024-06-19,0,0,245,23,5,217
2024-06-20,0,0,245,23,5,217
2024-06-21,0,0,245,23,5,217
2024-06-22,0,0,245,23,5,217
2024-06-23,0,0,245,23,5,217
2024-06-24,0,0,245,23,5,217
2024-06-25,0,0,245,23,5,217
2024-06-26,0,0,245,23,5,217
2024-06-27,0,0,245,23,5,217
2024-06-28,0,0,245,23,5,217
2024-06-29,0,0,245,23,5,217
2024-06-30,0,0,245,23,5,217
